corpus	normalized_cite	n_citing_opinions	n_modern_citers	sample_oids
rule	N.D. Stds. Imposing Lawyer Sanctions 9.0	88	88	19754,19691,18047
ndcc	N.D.C.C. § 27-20-02	146	85	19823,19692,19610
ndcc	N.D.C.C. § 27-20-44	135	85	20204,20250,19928
rule	N.D. Stds. Imposing Lawyer Sanctions 4.0	63	63	19942,18047,19373
ndcc	N.D.C.C. ch. 75-02	86	58	20402,20256,20248
ndcc	N.D.C.C. § 27-20-56	104	49	17402,17250,16212
ndcc	N.D.C.C. ch. 27-20	124	36	18098,19613,17250
rule	N.D. Stds. Imposing Lawyer Sanctions 3.0	29	29	18047,19373,16732
ndcc	N.D.C.C. § 27-20-03	40	24	19692,19402,17250
ndcc	N.D.C.C. § 27-20-32.2	21	21	17345,17321,17250
rule	N.D. Stds. Imposing Lawyer Sanctions 5.0	19	19	16564,16213,15937
rule	N.D. Stds. Imposing Lawyer Sanctions 2.0	18	18	16564,15514,15036
ndcc	N.D.C.C. § 27-20-30	39	16	19613,19634,17250
ndcc	N.D.C.C. § 27-20-26	33	16	17362,17156,19332
ndcc	N.D.C.C. § 27-20-34	32	15	18098,19402,16172
ndcc	N.D.C.C. § 40-18-15.1	21	15	19860,17848,16782
ndcc	N.D.C.C. ch. 33-06	23	14	16372,16251,15856
rule	N.D. Stds. Imposing Lawyer Sanctions 7.0	14	14	16730,16564,15884
ndcc	N.D.C.C. § 14-17-14	30	13	19832,14659,14360
ndcc	N.D.C.C. § 40-18-19	27	13	16541,16525,16437
ndcc	N.D.C.C. ch. 14-17	35	12	19832,15306,14659
ndcc	N.D.C.C. § 27-20-36	27	12	19692,19634,15717
ndcc	N.D.C.C. § 28-32-12.1	13	11	17169,13903,13198
ndcc	N.D.C.C. § 33-06-01	21	10	15355,14227,13915
ndcc	N.D.C.C. § 59-01-16	21	10	14987,14923,14722
rule	N.D. Stds. Imposing Lawyer Sanctions 6.0	10	10	17237,15884,14670
ndcc	N.D.C.C. § 28-32-6	10	10	15651,15546,15482
ndcc	N.D.C.C. ch. 32-29.2	12	9	13924,13839,13704
ndcc	N.D.C.C. § 14-03.1-06	10	9	19688,17446,15504
rule	N.D. Stds. Imposing Lawyer Sanctions 1.0	9	9	20514,16346,15192
rule	N.D.R. Lawyer Discipl. 5.1	9	9	20131,19803,17195
ndcc	N.D.C.C. ch. 14-03.1	9	9	19688,17446,15504
ndcc	N.D.C.C. § 14-03.1-03	9	9	19688,17446,15455
ndcc	N.D.C.C. § 14-03.1-07	9	9	19688,17446,15504
ndcc	N.D.C.C. § 27-20-29	23	8	15160,14926,14383
ndcc	N.D.C.C. § 28-32-21.1	19	8	13198,12613,12513
ndcc	N.D.C.C. § 33-06-04	12	8	15355,14227,14047
ndcc	N.D.C.C. § 59-01-09	12	8	14987,14663,14201
rule	N.D. Stds. Imposing Lawyer Sanctions 8.0	8	8	16048,15930,15514
ndcc	N.D.C.C. § 15-47-38	42	7	15929,15836,13378
ndcc	N.D.C.C. § 59-01-08	14	7	18099,17531,14923
ndcc	N.D.C.C. § 14-17-10	13	7	13997,13808,13218
ndcc	N.D.C.C. § 40-18-01	9	7	16437,15855,15404
ndcc	N.D.C.C. § 27-20-20.1	7	7	17321,18987,15903
ndcc	N.D.C.C. § 28-32-9	7	7	16014,15654,15536
ndcc	N.D.C.C. ch. 29-32	64	6	17533,19264,14956
ndcc	N.D.C.C. § 27-20-27	15	6	16172,14775,13869
ndcc	N.D.C.C. § 14-17-05	12	6	15496,13997,13808
ndcc	N.D.C.C. § 33-06-02	11	6	15355,14581,14047
rule	N.D.R.Civ.P. 04	7	6	15160,14405,14125
ndcc	N.D.C.C. § 10-32-29	6	6	16582,16497,15909
ndcc	N.D.C.C. ch. 14-14	28	5	15464,12886,12874
ndcc	N.D.C.C. § 27-20-45	13	5	17443,17127,16835
ndcc	N.D.C.C. ch. 59-01	13	5	14923,14663,13167
ndcc	N.D.C.C. § 28-32-12.2	10	5	12964,12853,12427
ndcc	N.D.C.C. § 32-29.2-12	9	5	13839,13112,12682
ndcc	N.D.C.C. § 32-29.2-02	8	5	13839,13704,12727
ndcc	N.D.C.C. § 27-20-37	7	5	15717,15460,13729
ndcc	N.D.C.C. § 27-20-31	7	5	13729,10936,8489
rule	N.D. Code Jud. Conduct 2.11	5	5	20320,20313,19982
rule	N.D.R.Civ.P. 72	5	5	15812,15800,15768
ndcc	N.D.C.C. § 14-09-6.2	5	5	19741,16274,15920
ndcc	N.D.C.C. § 27-20-01	23	4	16125,13592,13010
ndcc	N.D.C.C. § 14-17-04	18	4	13997,13808,12721
ndcc	N.D.C.C. § 27-20-24	15	4	17402,14051,12247
admin	N.D.A.C. § 39-20-01-39	10	4	16099,13594,12417
ndcc	N.D.C.C. § 27-20-22	9	4	17402,14051,11909
ndcc	N.D.C.C. § 27-20-46	9	4	16994,16142,13281
ndcc	N.D.C.C. § 14-17-15	9	4	14360,13344,12256
ndcc	N.D.C.C. § 29-09-02	6	4	15156,15030,14364
ndcc	N.D.C.C. § 32-29.2-05	6	4	13839,12795,11255
rule	N.D. Admission to Practice R. 3	4	4	20514,17047,16829
rule	N.D. Sup. Ct. Admin. R. 4	4	4	19717,19593,17730
admin	N.D.A.C. § 12.1-16-01-12.1	4	4	17631,16805,12572
ndcc	N.D.C.C. ch. 28-82	4	4	16486,16467,13947
ndcc	N.D.C.C. § 28-82-46	4	4	15801,13947,14882
ndcc	N.D.C.C. ch. 33-16	4	4	15048,17028,14903
ndcc	N.D.C.C. § 15-47-27	26	3	15836,12807,12388
ndcc	N.D.C.C. ch. 15-38.1	23	3	16312,14552,13707
ndcc	N.D.C.C. § 59-01-06	20	3	14778,13314,11718
ndcc	N.D.C.C. § 14-14-03	18	3	12886,12874,12540
ndcc	N.D.C.C. ch. 28-01.1	15	3	12896,12876,11960
ndcc	N.D.C.C. § 29-32-01	14	3	19991,12881,9567
ndcc	N.D.C.C. ch. 15-36	13	3	14552,13707,12601
ndcc	N.D.C.C. § 14-14-07	13	3	12886,12874,12540
ndcc	N.D.C.C. § 27-20-21	10	3	15405,15354,14410
ndcc	N.D.C.C. § 14-14-01	10	3	12886,12540,11454
rule	N.D.R.Crim.P. 6	8	3	17596,13594,11121
ndcc	N.D.C.C. ch. 60-04	8	3	15060,13815,11188
ndcc	N.D.C.C. § 59-01-11	8	3	13167,11931,10445
ndcc	N.D.C.C. § 14-14-14	8	3	12886,12874,12540
ndcc	N.D.C.C. § 27-20-33	7	3	19934,18098,8259
ndcc	N.D.C.C. § 14-14-06	7	3	12886,12874,12540
ndcc	N.D.C.C. § 40-18-15	6	3	16140,15404,13009
ndcc	N.D.C.C. ch. 12-56	5	3	12735,12237,9755
ndcc	N.D.C.C. § 60-04-03.1	4	3	15060,13815,11188
ndcc	N.D.C.C. § 32-29.2-01	4	3	13839,12795,12682
ndcc	N.D.C.C. § 28-32-11.1	4	3	13613,12613,12591
rule	N.D. Code Jud. Conduct 2.7	3	3	20313,19982,16209
rule	N.D.R.Crim.P. 98	3	3	14690,13738,12739
rule	N.D. Stds. Imposing Lawyer Sanctions 22.0	3	3	13499,13497,14391
ndcc	N.D.C.C. § 23-25-11	3	3	17766,15048,17028
ndcc	N.D.C.C. ch. 10-32	3	3	17716,19499,13229
ndcc	N.D.C.C. ch. 4-07	3	3	15914,13921,13004
ndcc	N.D.C.C. § 27-20-4	3	3	15365,14465,15973
ndcc	N.D.C.C. § 14-17-03	3	3	13997,12721,13240
ndcc	N.D.C.C. § 12-56-01	3	3	12735,14104,13586
ndcc	N.D.C.C. § 27-20-38	3	3	12564,13323,15325
ndcc	N.D.C.C. ch. 12-53	22	2	19430,12622,11115
ndcc	N.D.C.C. § 15-29-08	19	2	15929,15836,11585
ndcc	N.D.C.C. § 28-01.1-02	13	2	12896,12320,11736
ndcc	N.D.C.C. ch. 61-21	12	2	15031,11480,9617
ndcc	N.D.C.C. § 30-10-06	12	2	13899,11691,7754
ndcc	N.D.C.C. § 14-14-02	11	2	12886,12540,12157
ndcc	N.D.C.C. § 59-01-05	10	2	14778,13314,11718
ndcc	N.D.C.C. § 14-17-06	8	2	13997,11009,10058
ndcc	N.D.C.C. § 12-53-11	7	2	17864,19430,11115
ndcc	N.D.C.C. ch. 75-01	7	2	12426,12232,10247
ndcc	N.D.C.C. § 10-21-16	6	2	16135,15028,10096
ndcc	N.D.C.C. § 60-02-09	6	2	15060,11188,10120
ndcc	N.D.C.C. § 60-04-02	6	2	15060,10120,9435
ndcc	N.D.C.C. § 15-38.1-08	6	2	14552,13707,8699
ndcc	N.D.C.C. § 15-27.2-04	6	2	13784,12060,10378
ndcc	N.D.C.C. § 57-27-02	6	2	13222,12170,11733
ndcc	N.D.C.C. § 27-20-48	6	2	12629,7858,7812
ndcc	N.D.C.C. § 14-14-22.1	6	2	12557,11966,11795
ndcc	N.D.C.C. § 16-20-17.3	5	2	15747,14837,10829
ndcc	N.D.C.C. § 59-01-12	5	2	14987,14663,8015
ndcc	N.D.C.C. § 59-01-15	5	2	14987,14663,8534
ndcc	N.D.C.C. ch. 57-27	5	2	13222,11733,7954
ndcc	N.D.C.C. ch. 15-38.2	5	2	12519,12388,12171
ndcc	N.D.C.C. § 12.1-31.1-03	5	2	12090,10311,10026
ndcc	N.D.C.C. § 15-38.1-02	4	2	19954,13707,8710
ndcc	N.D.C.C. ch. 59-04	4	2	19844,15085,12278
ndcc	N.D.C.C. ch. 60-02	4	2	15060,9347,8055
ndcc	N.D.C.C. § 32-29.2-11	4	2	13839,11255,10505
rule	N.D.R.App.P. 6	3	2	18344,18372,7771
ndcc	N.D.C.C. § 61-21-18	3	2	17215,16765,8558
ndcc	N.D.C.C. § 59-02-17	3	2	17169,15085,7557
ndcc	N.D.C.C. § 59-01-10	3	2	14987,14663,11931
ndcc	N.D.C.C. § 32-29.2-19	3	2	13839,12727,11255
ndcc	N.D.C.C. § 15-36-11	3	2	13707,12601,7153
ndcc	N.D.C.C. § 27-20-47	3	2	13281,12764,7052
ndcc	N.D.C.C. § 57-26-01	3	2	13222,9446,13434
ndcc	N.D.C.C. § 14-17-07	3	2	12742,9947,13240
ndcc	N.D.C.C. § 39-26-02	3	2	12753,8279,15137
ndcc	N.D.C.C. ch. 36-22	3	2	12680,9737,16391
ndcc	N.D.C.C. § 14-03.1-04	3	2	12443,11274,15808
rule	N.D.R.Civ.P. 75	2	2	20516,13382
rule	N.D.R.App.P. 20	2	2	20183,20144
rule	N.D.R.Crim.P. 91	2	2	20033,17017
rule	N.D. Code Jud. Conduct 2.9	2	2	19497,16301
rule	N.D.R.Crim.P. 66	2	2	19422,13273
rule	N.D. Admission to Practice R. 6.1	2	2	17047,16829
rule	N.D.R.Ev. 674	2	2	16436,13961
rule	N.D. Sup. Ct. Admin. R. 70	2	2	16381,16362
rule	N.D.R.Civ.P. 92	2	2	15949,15851
rule	N.D.R.Ev. 808	2	2	15305,16271
rule	N.D.R.Crim.P. 92	2	2	15277,15396
rule	N.D.R.Crim.P. 02	2	2	14687,12884
rule	N.D. Stds. Imposing Lawyer Sanctions 11.0	2	2	14684,14571
rule	N.D.R.App.P. 56	2	2	13416,13338
rule	N.D.R. Continuing Legal Ed. 3	2	2	14647,14391
rule	N.D. Stds. Imposing Lawyer Sanctions 0.0	2	2	15857,13162
rule	N.D.R.App.P. 88	2	2	16456,15876
admin	N.D.A.C. § 44-04-18-44	2	2	20347,17387
admin	N.D.A.C. § 12.1-18-01-12.1	2	2	20115,17511
admin	N.D.A.C. ch. 75-02-04	2	2	15700,15580
admin	N.D.A.C. ch. 33-16-03.1	2	2	15048,17028
admin	N.D.A.C. ch. 33-16-01	2	2	14903,14254
admin	N.D.A.C. § 33-16-01-01	2	2	14903,14254
admin	N.D.A.C. § 33-16-01-06	2	2	14903,14254
admin	N.D.A.C. ch. 33-16-02.1	2	2	14903,14254
ndcc	N.D.C.C. ch. 12-25	2	2	20186,16360
ndcc	N.D.C.C. ch. 12.1-19	2	2	20232,16360
ndcc	N.D.C.C. § 40-18-06.2	2	2	19860,15855
ndcc	N.D.C.C. ch. 75-03	2	2	19664,16565
ndcc	N.D.C.C. ch. 23-25	2	2	19492,15048
ndcc	N.D.C.C. § 40-50-04	2	2	19379,19315
ndcc	N.D.C.C. § 27-20-30.1	2	2	17402,16597
ndcc	N.D.C.C. § 61-21-17	2	2	17215,16765
ndcc	N.D.C.C. ch. 24-20	2	2	17099,15232
ndcc	N.D.C.C. ch. 23-29	2	2	17089,14856
ndcc	N.D.C.C. § 23-29-03	2	2	17089,14856
ndcc	N.D.C.C. § 12-1-41	2	2	17065,17016
ndcc	N.D.C.C. § 75-02-04.1	2	2	16832,15150
ndcc	N.D.C.C. § 29-82.1-14	2	2	16821,13064
ndcc	N.D.C.C. § 40-18-14	2	2	15855,13544
ndcc	N.D.C.C. ch. 25-08.3	2	2	15568,16566
ndcc	N.D.C.C. § 60-04-01	2	2	15060,17010
ndcc	N.D.C.C. § 60-02-01	2	2	15060,17010
ndcc	N.D.C.C. § 60-02.1-01	2	2	15060,13815
ndcc	N.D.C.C. § 27-20-57	2	2	14785,13362
ndcc	N.D.C.C. § 27-20-05	2	2	14697,12361
ndcc	N.D.C.C. § 60-02-25.1	2	2	13815,17010
ndcc	N.D.C.C. § 57-24-18	2	2	13735,13434
ndcc	N.D.C.C. § 12.1-32.1-01	2	2	13581,13993
ndcc	N.D.C.C. § 29-32-19	2	2	13584,13574
ndcc	N.D.C.C. § 28-01-6	2	2	13313,13813
ndcc	N.D.C.C. ch. 10-26	2	2	13230,12653
ndcc	N.D.C.C. § 15-47-38.2	2	2	12807,12592
ndcc	N.D.C.C. § 36-22-01	2	2	12680,16391
ndcc	N.D.C.C. § 12.1-82-02	2	2	12650,13738
ndcc	N.D.C.C. § 28-32-05.1	2	2	12613,13426
ndcc	N.D.C.C. § 28-32-08.5	2	2	12466,13201
ndcc	N.D.C.C. ch. 32-19.1	16	1	13008,10971,10945
ndcc	N.D.C.C. ch. 14-12.1	14	1	13826,12188,12002
ndcc	N.D.C.C. § 12-53-13	13	1	17772,10384,10017
ndcc	N.D.C.C. ch. 10-06	13	1	14188,10307,10179
ndcc	N.D.C.C. § 15-47-26	12	1	12807,11585,11524
ndcc	N.D.C.C. § 15-38.1-12	10	1	13157,11362,11314
ndcc	N.D.C.C. § 26-41-03	9	1	16672,10672,9778
ndcc	N.D.C.C. § 15-53.1-06	8	1	13784,9841,9345
ndcc	N.D.C.C. § 15-34.1-01	8	1	13686,11283,10306
ndcc	N.D.C.C. § 32-24-02	8	1	12863,10460,9796
ndcc	N.D.C.C. § 29-32-07	8	1	11646,10800,10002
ndcc	N.D.C.C. § 26-41-12	7	1	16672,10672,9778
ndcc	N.D.C.C. ch. 14-06	7	1	13765,9856,7918
ndcc	N.D.C.C. § 32-19.1-07	7	1	13008,10971,10587
ndcc	N.D.C.C. § 10-22-01	7	1	12748,11573,7393
ndcc	N.D.C.C. § 28-32-19.1	7	1	12473,12178,11874
ndcc	N.D.C.C. § 14-17-11	7	1	12161,11857,11650
admin	N.D.A.C. § 59.5-03-03-02	6	1	12489,12237,12057
ndcc	N.D.C.C. § 10-06-13	6	1	16245,10179,9994
ndcc	N.D.C.C. § 14-17-08	6	1	13997,12256,10058
ndcc	N.D.C.C. § 15-38.1-01	6	1	13707,11362,8710
ndcc	N.D.C.C. § 28-01.1-06	6	1	12876,11277,10309
ndcc	N.D.C.C. § 27-20-06	6	1	12361,9840,9098
ndcc	N.D.C.C. § 27-20-04	5	1	19402,11096,10936
ndcc	N.D.C.C. § 61-21-10	5	1	15031,9617,8847
ndcc	N.D.C.C. § 27-20-39	5	1	13570,10400,8248
ndcc	N.D.C.C. § 57-24-29	5	1	13222,12170,11022
ndcc	N.D.C.C. § 10-22-10	5	1	12748,6938,6779
ndcc	N.D.C.C. ch. 10-22	5	1	12748,11573,9842
ndcc	N.D.C.C. § 14-14-05	5	1	12157,11514,9359
ndcc	N.D.C.C. § 32-29-08	5	1	11340,10505,9340
ndcc	N.D.C.C. § 57-27-05	5	1	10951,10659,10263
ndcc	N.D.C.C. ch. 48-02	5	1	10865,10562,9508
ndcc	N.D.C.C. § 12-55-30	4	1	17911,12306,10786
ndcc	N.D.C.C. § 61-21-16	4	1	16765,11480,8558
ndcc	N.D.C.C. ch. 16-20	4	1	15747,8436,8322
ndcc	N.D.C.C. § 59-04-02	4	1	15085,12278,9033
ndcc	N.D.C.C. § 14-17-12	4	1	13997,11482,11481
ndcc	N.D.C.C. § 14-12.1-07	4	1	13826,12002,9533
ndcc	N.D.C.C. § 14-17-24	4	1	13667,11917,11364
ndcc	N.D.C.C. § 27-20-40	4	1	13592,10400,7957
ndcc	N.D.C.C. § 57-24-23	4	1	13222,10951,7568
ndcc	N.D.C.C. § 14-14-08	4	1	12540,11454,8184
ndcc	N.D.C.C. § 14-17-18	4	1	12509,11922,10836
ndcc	N.D.C.C. § 15-53.1-20	4	1	9345,9150,8771
admin	N.D.A.C. § 59.5-03-03-07	3	1	12489,12057,10242
ndcc	N.D.C.C. § 16-01-10	3	1	17686,7959,7335
ndcc	N.D.C.C. ch. 19-03	3	1	16647,7146,6818
ndcc	N.D.C.C. § 27-20-14	3	1	15720,10936,8620
ndcc	N.D.C.C. ch. 40-18	3	1	15404,9978,11210
ndcc	N.D.C.C. § 61-21-01	3	1	15031,8847,8851
ndcc	N.D.C.C. § 30.1-34-02	3	1	14802,11311,8534
ndcc	N.D.C.C. § 28-01.1-01	3	1	13799,9656,8895
ndcc	N.D.C.C. § 14-06-05	3	1	13765,12124,9856
ndcc	N.D.C.C. § 57-24-01	3	1	13222,12170,10951
ndcc	N.D.C.C. § 57-24-07	3	1	13222,11022,10951
ndcc	N.D.C.C. § 57-24-02	3	1	13222,12170,10951
ndcc	N.D.C.C. § 57-24-19	3	1	13222,12170,10951
ndcc	N.D.C.C. ch. 57-26	3	1	13222,7954,7449
ndcc	N.D.C.C. § 57-26-02	3	1	13222,12170,9446
ndcc	N.D.C.C. § 14-14-15	3	1	12540,10637,8250
ndcc	N.D.C.C. § 45-10.1-22	3	1	12285,10971,15001
ndcc	N.D.C.C. § 61-21-31	3	1	11844,6730,14635
ndcc	N.D.C.C. § 60-04-09	3	1	11188,9347,17010
ndcc	N.D.C.C. § 14-14-04	3	1	8250,7394,13240
ndcc	N.D.C.C. § 12-06-24	3	1	7202,6518,12571
const	N.D. Const. art. IV, § 85	2	1	20414,15524
rule	N.D.R.Civ.P. 06	2	1	17172,11943
rule	N.D.R.Civ.P. 96	2	1	16075,10373
rule	N.D.R.Ev. 5954	2	1	14658,11842
rule	N.D.R.Ev. 631	2	1	13418,10744
rule	N.D.R.Civ.P. 01	2	1	11421,13789
rule	N.D.R.App.P. 52	2	1	8675,13420
admin	N.D.A.C. § 10-05-06-02	2	1	13015,11629
admin	N.D.A.C. § 59.5-03-03-08	2	1	12489,12237
ndcc	N.D.C.C. § 30-10-02	2	1	20245,6450
ndcc	N.D.C.C. § 29-32-06	2	1	20075,7682
ndcc	N.D.C.C. § 27-20-52	2	1	18098,8251
ndcc	N.D.C.C. ch. 43-02	2	1	19643,10177
ndcc	N.D.C.C. § 29-32-05	2	1	19550,8844
ndcc	N.D.C.C. ch. 69-02	2	1	19511,10903
ndcc	N.D.C.C. ch. 26-3	2	1	17474,11602
ndcc	N.D.C.C. § 30-24-13	2	1	17344,8330
ndcc	N.D.C.C. ch. 30-19	2	1	17344,8330
ndcc	N.D.C.C. § 27-20-13	2	1	17328,8620
ndcc	N.D.C.C. ch. 12-33	2	1	16997,9369
ndcc	N.D.C.C. § 16-1-10	2	1	16756,10829
ndcc	N.D.C.C. § 38-20-07	2	1	16074,12310
ndcc	N.D.C.C. § 15-29-07	2	1	15929,11585
ndcc	N.D.C.C. § 28-06-06	2	1	15831,8505
ndcc	N.D.C.C. § 12.1-31.1-02	2	1	15279,10311
ndcc	N.D.C.C. § 59-02-11	2	1	14987,9033
ndcc	N.D.C.C. § 33-12-41	2	1	14606,7560
ndcc	N.D.C.C. § 26-02-24	2	1	13924,9413
ndcc	N.D.C.C. ch. 60-03	2	1	13815,8055
ndcc	N.D.C.C. § 60-03-01	2	1	13815,8055
ndcc	N.D.C.C. ch. 26-40.1	2	1	13799,7909
ndcc	N.D.C.C. § 27-20-49	2	1	13745,12231
ndcc	N.D.C.C. § 81-04.1-04.20	2	1	13584,12097
ndcc	N.D.C.C. ch. 22-19	2	1	13471,11913
ndcc	N.D.C.C. § 12-02-01	2	1	13487,6967
ndcc	N.D.C.C. § 27-20-12	2	1	13388,6967
ndcc	N.D.C.C. § 27-20-11	2	1	13388,10936
ndcc	N.D.C.C. § 25-03-1	2	1	13234,9673
ndcc	N.D.C.C. § 57-24-25	2	1	13222,10951
ndcc	N.D.C.C. § 57-24-12	2	1	13222,12170
ndcc	N.D.C.C. ch. 10-24	2	1	13230,10506
ndcc	N.D.C.C. § 14-12.1-31	2	1	12945,9533
ndcc	N.D.C.C. ch. 1-1	2	1	12759,7897
ndcc	N.D.C.C. § 28-06.1-02	2	1	12748,6938
ndcc	N.D.C.C. § 15-38.2-06	2	1	12737,12076
ndcc	N.D.C.C. § 15-36-01	2	1	12601,8781
ndcc	N.D.C.C. § 14-14-09	2	1	12540,9745
ndcc	N.D.C.C. § 28-13-01	2	1	12411,6597
ndcc	N.D.C.C. § 15-38.2-01	2	1	12388,12076
ndcc	N.D.C.C. § 15-38.2-04	2	1	12388,8445
ndcc	N.D.C.C. § 14-17-01	2	1	12324,13240
ndcc	N.D.C.C. § 45-10.1-27	2	1	12285,15001
ndcc	N.D.C.C. ch. 3-19	2	1	11577,12859
ndcc	N.D.C.C. § 60-02-19.1	2	1	9347,17010
ndcc	N.D.C.C. ch. 10-14	2	1	6965,14953
ndcc	N.D.C.C. ch. 50-19	2	1	14831,12653
const	N.D. Const. art. XVII, § 211	1	1	20518
const	N.D. Const. art. II, § 26	1	1	20518
const	N.D. Const. art. II, § 32	1	1	20518
const	N.D. Const. art. II, § 41	1	1	20518
const	N.D. Const. art. IV, § 121	1	1	19992
const	N.D. Const. art. IV, § 972	1	1	19992
const	N.D. Const. art. XX, § 2173	1	1	19992
const	N.D. Const. art. IV, § 17	1	1	19771
const	N.D. Const. art. IV, § 41	1	1	19315
const	N.D. Const. art. II, § 25	1	1	15944
const	N.D. Const. art. XV, § 202	1	1	13368
const	N.D. Const. art. XII, § 185	1	1	15864
const	N.D. Const. art. VII, § 142	1	1	13596
rule	N.D.R.Civ.P. 91	1	1	20516
rule	N.D.R.Juv.P. 20.3	1	1	20107
rule	N.D. Code Jud. Conduct 1.1	1	1	19970
rule	N.D.R.Crim.P. 05	1	1	19860
rule	N.D.R.Ev. 636	1	1	19497
rule	N.D.R.App.P. 62	1	1	17604
rule	N.D.R.Ev. 454	1	1	19534
rule	N.D.R.App.P. 77	1	1	19415
rule	N.D.R.Crim.P. 88	1	1	17418
rule	N.D. Code Jud. Conduct 4.3	1	1	17115
rule	N.D.R.Crim.P. 82	1	1	16822
rule	N.D.R.Civ.P. 13.6	1	1	16707
rule	N.D.R.Ev. 329	1	1	16536
rule	N.D.R.Crim.P. 85	1	1	16514
rule	N.D.R.App.P. 95	1	1	16031
rule	N.D.R.Crim.P. 93	1	1	16039
rule	N.D.R.Civ.P. 79	1	1	15840
rule	N.D.R.App.P. 50	1	1	15835
rule	N.D.R.Crim.P. 04	1	1	15790
rule	N.D. Stds. Imposing Lawyer Sanctions 348.0	1	1	15644
rule	N.D.R.Crim.P. 39	1	1	15100
rule	N.D.R.Crim.P. 73	1	1	14806
rule	N.D.R.Crim.P. 81	1	1	14690
rule	N.D.R.Crim.P. 64	1	1	14688
rule	N.D.R.Civ.P. 97	1	1	14410
rule	N.D.R.Crim.P. 72	1	1	14340
rule	N.D. Stds. Imposing Lawyer Sanctions 33.0	1	1	14240
rule	N.D.R.Ev. 498	1	1	14214
rule	N.D.R.Civ.P. 00	1	1	14152
rule	N.D.R.App.P. 99	1	1	13980
rule	N.D.R. Lawyer Discipl. 8.4	1	1	13949
rule	N.D.R.Ev. 250	1	1	13739
rule	N.D. Stds. Imposing Lawyer Sanctions 53.0	1	1	13723
rule	N.D.R.Civ.P. 03.1	1	1	13606
rule	N.D.R. Continuing Legal Ed. 4	1	1	13444
rule	N.D.R.Ct. 14.1	1	1	13102
rule	N.D.R.Civ.P. 87	1	1	13038
rule	N.D.R.Civ.P. 89	1	1	12748
rule	N.D.R.App.P. 59	1	1	18261
rule	N.D.R.Civ.P. 99	1	1	12516
rule	N.D.R.Ev. 841	1	1	12369
rule	N.D.R.Ev. 374	1	1	16348
rule	N.D.R.Civ.P. 0	1	1	14760
rule	N.D.R.Crim.P. 76	1	1	14327
rule	N.D. Admission to Practice R. 9	1	1	13989
rule	N.D.R.App.P. 03	1	1	13988
rule	N.D. Sup. Ct. Admin. R. 10	1	1	16114
rule	N.D.R.Ev. 141	1	1	13438
rule	N.D.R.Ev. 536	1	1	12932
rule	N.D.R.Ev. 451	1	1	12932
rule	N.D.R. Lawyer Discipl. 1.4	1	1	16516
rule	N.D. Code Jud. Conduct 2.5	1	1	16209
rule	N.D.R. Jud. Conduct Commission 8	1	1	16209
rule	N.D.R.Civ.P. 02	1	1	15939
rule	N.D. Stds. Imposing Lawyer Sanctions 32.0	1	1	15564
rule	N.D.R.Ev. 627	1	1	15330
rule	N.D. Sup. Ct. Admin. R. 04	1	1	15172
rule	N.D.R.Ev. 1943	1	1	13646
admin	N.D.A.C. § 28-32-01-12	1	1	20402
admin	N.D.A.C. § 12.1-20-05-12.1	1	1	20130
admin	N.D.A.C. § 12.1-06-04-12.1	1	1	20264
admin	N.D.A.C. § 85-06-06-10	1	1	18049
admin	N.D.A.C. ch. 75-03-38	1	1	19664
admin	N.D.A.C. § 75-03-38-04	1	1	19664
admin	N.D.A.C. § 33-15-14-01	1	1	19492
admin	N.D.A.C. § 33-15-14-02	1	1	19492
admin	N.D.A.C. § 33-15-15-01.2	1	1	19492
admin	N.D.A.C. § 33-15-22-01	1	1	19492
admin	N.D.A.C. § 33-15-07-02	1	1	19426
admin	N.D.A.C. § 10-07-01-04	1	1	19358
admin	N.D.A.C. § 85-06-06-03	1	1	17466
admin	N.D.A.C. § 33-20-01.1-04	1	1	17089
admin	N.D.A.C. § 69-08-01-01	1	1	16515
admin	N.D.A.C. § 39-06.2-10.2-39	1	1	16475
admin	N.D.A.C. § 39-07-07-39	1	1	16099
admin	N.D.A.C. § 43-02-08-16.3	1	1	16032
admin	N.D.A.C. § 75-02-04-01.1	1	1	15700
admin	N.D.A.C. § 75-02-04-03	1	1	15700
admin	N.D.A.C. ch. 34-07-01	1	1	15687
admin	N.D.A.C. § 74-02-04.1-09	1	1	15510
admin	N.D.A.C. § 10-19.1-14-10	1	1	15454
admin	N.D.A.C. § 24-02-01-02	1	1	15065
admin	N.D.A.C. § 32-29.3-22-32	1	1	14720
admin	N.D.A.C. § 7-06-01-02	1	1	14001
admin	N.D.A.C. ch. 40-07-20.1	1	1	13921
admin	N.D.A.C. § 81-04-02-71.2	1	1	13584
admin	N.D.A.C. § 75-01-04.1-05	1	1	13131
admin	N.D.A.C. § 10-05-06-03	1	1	13015
admin	N.D.A.C. § 10-05-06-04	1	1	13015
admin	N.D.A.C. § 64-04-01-02	1	1	12427
admin	N.D.A.C. § 27-02-10-63	1	1	16623
admin	N.D.A.C. ch. 92-05-01	1	1	15274
admin	N.D.A.C. § 95-01-02-46	1	1	15015
admin	N.D.A.C. ch. 75-02-01.1	1	1	16389
admin	N.D.A.C. § 33-16-03.1-05	1	1	17028
admin	N.D.A.C. § 33-16-03.1-04	1	1	17028
admin	N.D.A.C. § 33-16-03.1-03	1	1	17028
admin	N.D.A.C. § 33-16-03.1-07	1	1	17028
admin	N.D.A.C. § 33-16-03.1-13	1	1	17028
admin	N.D.A.C. § 52-01-01-18	1	1	16546
admin	N.D.A.C. § 12.1-20-03-12.1	1	1	16444
admin	N.D.A.C. § 45-05-08-19	1	1	14884
admin	N.D.A.C. § 33-20-01.1-02	1	1	14856
admin	N.D.A.C. § 33-16-01-25	1	1	14903
admin	N.D.A.C. § 33-16-02.1-09	1	1	14254
admin	N.D.A.C. § 33-16-02.1-02	1	1	14254
ndcc	N.D.C.C. § 27-20.3-01.3	1	1	20107
ndcc	N.D.C.C. § 29-05-20.1	1	1	20296
ndcc	N.D.C.C. ch. 75-08	1	1	20259
ndcc	N.D.C.C. § 40-18-22	1	1	19970
ndcc	N.D.C.C. § 12.1-19-03	1	1	20232
ndcc	N.D.C.C. § 57-39.2-4.5	1	1	19876
ndcc	N.D.C.C. § 14-04-18	1	1	19757
ndcc	N.D.C.C. § 14-04-19	1	1	19757
ndcc	N.D.C.C. § 1-20-10	1	1	19732
ndcc	N.D.C.C. § 54-52.1-05.2	1	1	19771
ndcc	N.D.C.C. § 12.1-32.2-01	1	1	19769
ndcc	N.D.C.C. § 29-32-1	1	1	18202
ndcc	N.D.C.C. § 12-25-01	1	1	18155
ndcc	N.D.C.C. § 12.1-19-01	1	1	18155
ndcc	N.D.C.C. § 18-12.1-31	1	1	18155
ndcc	N.D.C.C. ch. 13-09	1	1	18144
ndcc	N.D.C.C. § 13-09-22	1	1	18144
ndcc	N.D.C.C. ch. 27-23.3	1	1	19692
ndcc	N.D.C.C. § 10-32-02	1	1	17863
ndcc	N.D.C.C. § 16.1-13-10.1	1	1	17738
ndcc	N.D.C.C. § 35.1-05-01	1	1	17732
ndcc	N.D.C.C. § 5-21-1	1	1	17684
ndcc	N.D.C.C. § 16.1-08-01	1	1	17686
ndcc	N.D.C.C. § 10-32-63	1	1	19499
ndcc	N.D.C.C. § 11-16-02.3	1	1	19505
ndcc	N.D.C.C. § 14-23-05	1	1	19468
ndcc	N.D.C.C. ch. 23-20.1	1	1	19492
ndcc	N.D.C.C. § 27-10-1.3	1	1	17638
ndcc	N.D.C.C. ch. 19.03-1	1	1	19559
ndcc	N.D.C.C. § 33-15-07	1	1	19426
ndcc	N.D.C.C. § 43-40-10.1	1	1	19375
ndcc	N.D.C.C. § 19.1-03.4-03	1	1	17569
ndcc	N.D.C.C. § 35.1-05-02	1	1	17539
ndcc	N.D.C.C. § 30-19-05	1	1	17344
ndcc	N.D.C.C. § 30-19-18	1	1	17344
ndcc	N.D.C.C. ch. 4.0103-20	1	1	17252
ndcc	N.D.C.C. § 54-65-08	1	1	17255
ndcc	N.D.C.C. § 12.1-08-32	1	1	19266
ndcc	N.D.C.C. ch. 10-10	1	1	19265
ndcc	N.D.C.C. ch. 09-03	1	1	17192
ndcc	N.D.C.C. § 28-32.1-01	1	1	17123
ndcc	N.D.C.C. § 23-29-04	1	1	17089
ndcc	N.D.C.C. § 12-1-17	1	1	17069
ndcc	N.D.C.C. § 30-1-18	1	1	17007
ndcc	N.D.C.C. § 12-41-06	1	1	17016
ndcc	N.D.C.C. § 39-20-0.7	1	1	16770
ndcc	N.D.C.C. § 15-1-12	1	1	16769
ndcc	N.D.C.C. § 39-4-6	1	1	16782
ndcc	N.D.C.C. § 39-0-6	1	1	16782
ndcc	N.D.C.C. § 12.1-82-08	1	1	16749
ndcc	N.D.C.C. § 16.1-40-06.2	1	1	16756
ndcc	N.D.C.C. § 29-81.1-04	1	1	16753
ndcc	N.D.C.C. § 12-1-32	1	1	16735
ndcc	N.D.C.C. § 30.1-28-1	1	1	16706
ndcc	N.D.C.C. § 13-04-1	1	1	16707
ndcc	N.D.C.C. § 53-4-8	1	1	16693
ndcc	N.D.C.C. § 30-1-28	1	1	16608
ndcc	N.D.C.C. § 43-28-06.1	1	1	16563
ndcc	N.D.C.C. § 12.1-40-01	1	1	16555
ndcc	N.D.C.C. § 12.1-40-02	1	1	16555
ndcc	N.D.C.C. ch. 12.1-40	1	1	16555
ndcc	N.D.C.C. § 1-01-9	1	1	16515
ndcc	N.D.C.C. § 10-32-28	1	1	16497
ndcc	N.D.C.C. ch. 89-20	1	1	16496
ndcc	N.D.C.C. § 39-20-08.1	1	1	16467
ndcc	N.D.C.C. § 30-20-07	1	1	16467
ndcc	N.D.C.C. ch. 25-7	1	1	16452
ndcc	N.D.C.C. § 27-20-48.4	1	1	16381
ndcc	N.D.C.C. § 27-20-48.2	1	1	16381
ndcc	N.D.C.C. ch. 38-06	1	1	16251
ndcc	N.D.C.C. § 47-82-02	1	1	16251
ndcc	N.D.C.C. § 45-22-22.1	1	1	16171
ndcc	N.D.C.C. § 10-32-52.1	1	1	16115
ndcc	N.D.C.C. § 14-09-80	1	1	16113
ndcc	N.D.C.C. § 27-06-06	1	1	16074
ndcc	N.D.C.C. § 82-15-32	1	1	16071
ndcc	N.D.C.C. § 12.1-81.2-01	1	1	16001
ndcc	N.D.C.C. § 14-09-06.22	1	1	15951
ndcc	N.D.C.C. § 03-02-05	1	1	15922
ndcc	N.D.C.C. § 30-19-20	1	1	15928
ndcc	N.D.C.C. § 89-20-07	1	1	15889
ndcc	N.D.C.C. ch. 83-06	1	1	15856
ndcc	N.D.C.C. § 47-82-04	1	1	15856
ndcc	N.D.C.C. ch. 22-2	1	1	15855
ndcc	N.D.C.C. § 18-02.1-08	1	1	15840
ndcc	N.D.C.C. § 89-20-06	1	1	15801
ndcc	N.D.C.C. § 89-20-03.1	1	1	15801
ndcc	N.D.C.C. § 10-19.1-87.2	1	1	15799
ndcc	N.D.C.C. ch. 47-30.1	1	1	15761
ndcc	N.D.C.C. § 12-1-02	1	1	15747
ndcc	N.D.C.C. § 47-19-1	1	1	15615
ndcc	N.D.C.C. ch. 19-20	1	1	18808
ndcc	N.D.C.C. § 1-02-88	1	1	15499
ndcc	N.D.C.C. § 52-12-14	1	1	15499
ndcc	N.D.C.C. § 31-12-02	1	1	18746
ndcc	N.D.C.C. § 4-30-03.9	1	1	18742
ndcc	N.D.C.C. § 26.1-26-2	1	1	15488
ndcc	N.D.C.C. § 25-03.1-2	1	1	15468
ndcc	N.D.C.C. § 27-20-53	1	1	15463
ndcc	N.D.C.C. § 4-12.2-24	1	1	15355
ndcc	N.D.C.C. § 25-08.8-02	1	1	15331
ndcc	N.D.C.C. § 59-03-20	1	1	15085
ndcc	N.D.C.C. ch. 11-02	1	1	15063
ndcc	N.D.C.C. ch. 75-04	1	1	15050
ndcc	N.D.C.C. § 11-83-09	1	1	15048
ndcc	N.D.C.C. § 60-02-07	1	1	15060
ndcc	N.D.C.C. § 60-04-03	1	1	15060
ndcc	N.D.C.C. § 60-04-07	1	1	15060
ndcc	N.D.C.C. § 60-02-02	1	1	15060
ndcc	N.D.C.C. § 60-02-03	1	1	15060
ndcc	N.D.C.C. § 61-21-43.1	1	1	15031
ndcc	N.D.C.C. § 4-28-07	1	1	14969
ndcc	N.D.C.C. § 59-01-20	1	1	14987
ndcc	N.D.C.C. § 25-03.8-17	1	1	14900
ndcc	N.D.C.C. § 39-19-38	1	1	14836
ndcc	N.D.C.C. § 67-43.1-07	1	1	14788
ndcc	N.D.C.C. § 41-02-3	1	1	14750
ndcc	N.D.C.C. § 32-03-02.1	1	1	14745
ndcc	N.D.C.C. § 4-41-02	1	1	14703
ndcc	N.D.C.C. § 24-14-02	1	1	14666
ndcc	N.D.C.C. § 65-05.1-02.1989	1	1	14657
ndcc	N.D.C.C. § 25-32-50	1	1	14641
ndcc	N.D.C.C. § 33-12-38	1	1	14606
ndcc	N.D.C.C. § 27-20-30.2	1	1	14405
ndcc	N.D.C.C. § 42-24-03	1	1	14330
ndcc	N.D.C.C. § 27-28-06	1	1	14317
ndcc	N.D.C.C. § 26.1411-19-1	1	1	14273
ndcc	N.D.C.C. ch. 59-05	1	1	14271
ndcc	N.D.C.C. § 59-05-03	1	1	14271
ndcc	N.D.C.C. § 4-35-21.1	1	1	14184
ndcc	N.D.C.C. § 44-06-13.1	1	1	14131
ndcc	N.D.C.C. § 63-01.1-01	1	1	14001
ndcc	N.D.C.C. § 63-01.1-02	1	1	14001
ndcc	N.D.C.C. § 15-10-01.3	1	1	13996
ndcc	N.D.C.C. § 27-50-56	1	1	13951
ndcc	N.D.C.C. § 54-43.3-12.2	1	1	13921
ndcc	N.D.C.C. ch. 40-07	1	1	13921
ndcc	N.D.C.C. § 54-43.3-01	1	1	13921
ndcc	N.D.C.C. § 14-09-67	1	1	13880
ndcc	N.D.C.C. § 12-06-28	1	1	13891
ndcc	N.D.C.C. § 32-29.2-17	1	1	13839
ndcc	N.D.C.C. § 32-29.2-14	1	1	13839
ndcc	N.D.C.C. § 09-06-07	1	1	13828
ndcc	N.D.C.C. § 60-02.1-30	1	1	13815
ndcc	N.D.C.C. § 60-02.1-34	1	1	13815
ndcc	N.D.C.C. ch. 60-02.1	1	1	13815
ndcc	N.D.C.C. § 60-02.1-08	1	1	13815
ndcc	N.D.C.C. § 60-02.1-07	1	1	13815
ndcc	N.D.C.C. § 60-02.1-28	1	1	13815
ndcc	N.D.C.C. § 60-02.1-29	1	1	13815
ndcc	N.D.C.C. § 60-02.1-14	1	1	13815
ndcc	N.D.C.C. § 60-02.1-32	1	1	13815
ndcc	N.D.C.C. § 60-02.1-33	1	1	13815
ndcc	N.D.C.C. § 60-02.1-37	1	1	13815
ndcc	N.D.C.C. § 60-02.1-31	1	1	13815
ndcc	N.D.C.C. ch. 11-2	1	1	13797
ndcc	N.D.C.C. § 26-40.1-01	1	1	13799
ndcc	N.D.C.C. § 10-32-86	1	1	13717
ndcc	N.D.C.C. § 57-39.1-02.1	1	1	13584
ndcc	N.D.C.C. § 57-39-02	1	1	13584
ndcc	N.D.C.C. § 57-32.9-02.1	1	1	13584
ndcc	N.D.C.C. § 15-6-4	1	1	13565
ndcc	N.D.C.C. § 14-09-06.69	1	1	13538
ndcc	N.D.C.C. § 12-02-02	1	1	13487
ndcc	N.D.C.C. § 25-08.1-02	1	1	13432
ndcc	N.D.C.C. § 39-02-27	1	1	13364
ndcc	N.D.C.C. § 27-27-12	1	1	13356
ndcc	N.D.C.C. § 12-32-09	1	1	13302
ndcc	N.D.C.C. § 27-20-6	1	1	13281
ndcc	N.D.C.C. § 20-19-01	1	1	13242
ndcc	N.D.C.C. § 57-27-07	1	1	13222
ndcc	N.D.C.C. § 10-26-07	1	1	13230
ndcc	N.D.C.C. § 10-26-09	1	1	13230
ndcc	N.D.C.C. § 10-26-08	1	1	13230
ndcc	N.D.C.C. § 10-24-27	1	1	13230
ndcc	N.D.C.C. § 10-26-10	1	1	13230
ndcc	N.D.C.C. § 10-26-15	1	1	13230
ndcc	N.D.C.C. ch. 10-28	1	1	13230
ndcc	N.D.C.C. § 10-32-23	1	1	13229
ndcc	N.D.C.C. § 10-32-42	1	1	13229
ndcc	N.D.C.C. § 75-02-04	1	1	13131
ndcc	N.D.C.C. § 14-17-14.1	1	1	13102
ndcc	N.D.C.C. § 29-31.1-36	1	1	13085
ndcc	N.D.C.C. § 26.1-0-15.1	1	1	13061
ndcc	N.D.C.C. § 82-12.2-04	1	1	13047
ndcc	N.D.C.C. § 27-20-80	1	1	13034
ndcc	N.D.C.C. § 28-01-16.2	1	1	12959
ndcc	N.D.C.C. § 63-30-17	1	1	12946
ndcc	N.D.C.C. § 65-03-33	1	1	12964
ndcc	N.D.C.C. § 32-03-4	1	1	12927
ndcc	N.D.C.C. § 32-03.23-02	1	1	12890
ndcc	N.D.C.C. § 12-50-01	1	1	12862
ndcc	N.D.C.C. § 14-14-63	1	1	12874
ndcc	N.D.C.C. § 19.1-03.1-32	1	1	12801
ndcc	N.D.C.C. § 21.1-22-02	1	1	12814
ndcc	N.D.C.C. § 21.1-23-02	1	1	12814
ndcc	N.D.C.C. § 12-32.1-07	1	1	12766
ndcc	N.D.C.C. § 39-20-3.1	1	1	12745
ndcc	N.D.C.C. § 36-09-18	1	1	12680
ndcc	N.D.C.C. § 36-22-02	1	1	12680
ndcc	N.D.C.C. § 36-22-03	1	1	12680
ndcc	N.D.C.C. ch. 36-09	1	1	12680
ndcc	N.D.C.C. § 36-09-24	1	1	12680
ndcc	N.D.C.C. § 4-10.1-09	1	1	12680
ndcc	N.D.C.C. § 36-22-08	1	1	12680
ndcc	N.D.C.C. § 12.1-32-02.1989	1	1	12622
ndcc	N.D.C.C. § 14-14-16	1	1	12540
ndcc	N.D.C.C. ch. 65-1	1	1	12552
ndcc	N.D.C.C. § 10-19-1	1	1	12517
ndcc	N.D.C.C. § 28-32-02.2	1	1	12473
ndcc	N.D.C.C. § 28-82-15	1	1	12462
ndcc	N.D.C.C. § 57-89.2-04	1	1	12430
ndcc	N.D.C.C. § 33-06-03	1	1	12395
ndcc	N.D.C.C. § 15-38.2-02	1	1	12388
ndcc	N.D.C.C. § 15-38.2-03	1	1	12388
ndcc	N.D.C.C. ch. 30.1-34	1	1	12355
ndcc	N.D.C.C. § 30.1-34-06	1	1	12355
ndcc	N.D.C.C. § 27-20-84	1	1	12353
ndcc	N.D.C.C. § 3-9-20	1	1	17026
ndcc	N.D.C.C. ch. 82-12.2	1	1	16570
ndcc	N.D.C.C. ch. 12-11	1	1	16247
ndcc	N.D.C.C. ch. 26.1-0	1	1	16068
ndcc	N.D.C.C. § 19-03.1-23.8	1	1	15918
ndcc	N.D.C.C. § 40-5-26	1	1	15611
ndcc	N.D.C.C. § 36-05-01	1	1	15385
ndcc	N.D.C.C. ch. 92-05	1	1	15274
ndcc	N.D.C.C. § 66-05.1-04	1	1	15053
ndcc	N.D.C.C. ch. 11-07.1	1	1	14949
ndcc	N.D.C.C. § 48-01.1-03	1	1	14999
ndcc	N.D.C.C. ch. 48-01.1	1	1	14999
ndcc	N.D.C.C. § 48-01.1-02	1	1	14999
ndcc	N.D.C.C. § 48-01.1-07	1	1	14999
ndcc	N.D.C.C. § 48-01.1-05	1	1	14999
ndcc	N.D.C.C. § 01-01-09	1	1	14744
ndcc	N.D.C.C. § 12.1-22-07	1	1	14744
ndcc	N.D.C.C. § 26.1-40-16.5	1	1	14642
ndcc	N.D.C.C. § 15-89.1-05	1	1	13226
ndcc	N.D.C.C. § 28-32-14.1	1	1	13201
ndcc	N.D.C.C. § 09-07-06	1	1	16890
ndcc	N.D.C.C. § 12.1-01-3	1	1	16885
ndcc	N.D.C.C. § 60-04-08	1	1	17010
ndcc	N.D.C.C. § 60-02-25	1	1	17010
ndcc	N.D.C.C. § 60-02-41	1	1	17010
ndcc	N.D.C.C. ch. 60-10	1	1	17010
ndcc	N.D.C.C. § 60-04-04	1	1	17010
ndcc	N.D.C.C. § 26-03.3-13	1	1	16566
ndcc	N.D.C.C. § 29-82.1-08	1	1	16007
ndcc	N.D.C.C. § 27-20-23	1	1	15794
ndcc	N.D.C.C. § 13-01-11.1	1	1	15822
ndcc	N.D.C.C. § 17-11-09	1	1	15822
ndcc	N.D.C.C. § 89-08-01	1	1	12934
ndcc	N.D.C.C. § 28-32-08.4	1	1	12773
ndcc	N.D.C.C. § 30-1-22	1	1	16860
ndcc	N.D.C.C. § 49-19.1-09	1	1	15954
ndcc	N.D.C.C. § 40-28-24	1	1	15827
ndcc	N.D.C.C. § 40-28-14	1	1	15827
ndcc	N.D.C.C. § 50-24-1	1	1	17080
ndcc	N.D.C.C. § 32-28-06	1	1	16932
ndcc	N.D.C.C. § 30-1-26	1	1	16926
ndcc	N.D.C.C. § 65-05-4	1	1	17021
ndcc	N.D.C.C. § 39-06-2	1	1	16815
ndcc	N.D.C.C. § 19-4-3	1	1	16803
ndcc	N.D.C.C. § 28-27-4	1	1	16659
ndcc	N.D.C.C. § 61-08-21.3	1	1	16506
ndcc	N.D.C.C. ch. 36-13	1	1	16391
ndcc	N.D.C.C. § 36-13-08	1	1	16391
ndcc	N.D.C.C. § 36-13-01	1	1	16391
ndcc	N.D.C.C. § 88-18.1-08	1	1	16366
ndcc	N.D.C.C. § 35-08-01.2	1	1	16353
ndcc	N.D.C.C. § 1-08-38	1	1	16340
ndcc	N.D.C.C. § 89-20-03.2	1	1	16338
ndcc	N.D.C.C. § 66-05-01.4	1	1	16266
ndcc	N.D.C.C. § 12.1-81-01	1	1	16240
ndcc	N.D.C.C. § 40-22-3	1	1	16233
ndcc	N.D.C.C. § 89-20-14	1	1	15990
ndcc	N.D.C.C. ch. 12-27	1	1	16101
ndcc	N.D.C.C. § 14-20-7	1	1	15967
ndcc	N.D.C.C. § 14-02-4	1	1	15760
ndcc	N.D.C.C. § 27-20-28	1	1	15689
ndcc	N.D.C.C. ch. 4-14.1	1	1	15865
ndcc	N.D.C.C. ch. 17-02	1	1	15865
ndcc	N.D.C.C. ch. 15-69	1	1	15865
ndcc	N.D.C.C. ch. 54-60.1	1	1	15865
ndcc	N.D.C.C. § 15-69-03	1	1	15865
ndcc	N.D.C.C. § 15-69-04	1	1	15865
ndcc	N.D.C.C. § 15-69-05	1	1	15865
ndcc	N.D.C.C. § 15-69-01	1	1	15865
ndcc	N.D.C.C. ch. 54-34.8	1	1	15865
ndcc	N.D.C.C. § 54-60.1-01	1	1	15865
ndcc	N.D.C.C. § 54-60.1-03	1	1	15865
ndcc	N.D.C.C. ch. 89-19	1	1	15864
ndcc	N.D.C.C. § 30-12.1-03	1	1	15441
ndcc	N.D.C.C. § 39-26-13	1	1	15137
ndcc	N.D.C.C. § 45-10.1-47	1	1	15001
ndcc	N.D.C.C. ch. 45-10.1	1	1	15001
ndcc	N.D.C.C. § 45-10.1-26	1	1	15001
ndcc	N.D.C.C. § 45-10.1-59	1	1	15001
ndcc	N.D.C.C. § 45-10.1-62	1	1	15001
ndcc	N.D.C.C. § 9-03-68	1	1	14938
ndcc	N.D.C.C. § 12-13-01	1	1	14649
ndcc	N.D.C.C. § 65-05-83	1	1	14705
ndcc	N.D.C.C. § 12.1-32.07-4	1	1	13999
ndcc	N.D.C.C. § 89-24-09	1	1	13814
ndcc	N.D.C.C. § 28-82-49	1	1	13753
ndcc	N.D.C.C. § 12-56-02	1	1	13586
ndcc	N.D.C.C. § 26-06-01	1	1	13566
ndcc	N.D.C.C. § 82-03-04	1	1	13566
ndcc	N.D.C.C. § 12-22-12	1	1	13365
ndcc	N.D.C.C. § 14-2.4-12	1	1	13365
ndcc	N.D.C.C. § 14-17-23	1	1	13240
ndcc	N.D.C.C. § 50-19-03	1	1	12653
ndcc	N.D.C.C. § 12.1-20-21.12	1	1	12940
ndcc	N.D.C.C. § 57-88-14	1	1	12460
ndcc	N.D.C.C. ch. 32-24	37	0	12180,10930,10839
ndcc	N.D.C.C. § 27-07.1-17	23	0	11957,11831,11716
ndcc	N.D.C.C. § 28-18-09	21	0	9844,7473,7323
ndcc	N.D.C.C. ch. 26-41	16	0	12142,11358,10672
rule	N.D.R.Crim.P. 42	13	0	12263,11077,10382
ndcc	N.D.C.C. § 30-26-03	12	0	11104,8491,8444
ndcc	N.D.C.C. ch. 30-26	11	0	9038,8706,8139
ndcc	N.D.C.C. § 27-08-24	11	0	8016,7937,7661
ndcc	N.D.C.C. ch. 39-15	11	0	7536,7266,7165
ndcc	N.D.C.C. § 15-34.1-03	10	0	11283,10442,10378
ndcc	N.D.C.C. ch. 39-17	10	0	8201,7367,7266
ndcc	N.D.C.C. ch. 32-29	9	0	12065,11340,8524
ndcc	N.D.C.C. ch. 15-53	9	0	7810,6917,6225
ndcc	N.D.C.C. ch. 32-36	8	0	11482,11481,7890
ndcc	N.D.C.C. § 12-53-01	8	0	10556,10017,9972
ndcc	N.D.C.C. § 32-24-01	8	0	10460,9796,9797
ndcc	N.D.C.C. § 29-24-02	8	0	9017,8053,7260
ndcc	N.D.C.C. § 30-26-01	8	0	8259,8028,7992
ndcc	N.D.C.C. ch. 27-16	8	0	7118,6967,6820
ndcc	N.D.C.C. § 10-22-19	7	0	11767,11712,20437
ndcc	N.D.C.C. ch. 13-02	7	0	11640,9936,9618
ndcc	N.D.C.C. ch. 15-34.1	7	0	11577,11283,10442
ndcc	N.D.C.C. § 15-41-25	7	0	11577,11283,10199
ndcc	N.D.C.C. ch. 15-53.1	7	0	9419,9345,9150
ndcc	N.D.C.C. § 27-08-20	7	0	8289,8112,7937
ndcc	N.D.C.C. § 30-26-23	7	0	8259,8171,7845
ndcc	N.D.C.C. § 28-01.1-05	6	0	11960,11736,10309
ndcc	N.D.C.C. ch. 40-50	6	0	11567,11370,8758
ndcc	N.D.C.C. § 14-17-16	6	0	11276,10912,10461
ndcc	N.D.C.C. § 12-53-18	6	0	10433,9869,9480
ndcc	N.D.C.C. ch. 32-29.1	6	0	8826,8359,8266
ndcc	N.D.C.C. § 39-17-03	6	0	8201,7662,7167
ndcc	N.D.C.C. § 12-35-02	6	0	7682,7149,7039
ndcc	N.D.C.C. § 28-18-06	6	0	7214,7143,7008
ndcc	N.D.C.C. § 27-06-03	5	0	12106,9367,9017
ndcc	N.D.C.C. § 14-12.1-24	5	0	12002,11301,10520
ndcc	N.D.C.C. § 45-08-02	5	0	11684,11507,11347
ndcc	N.D.C.C. § 61-21-12	5	0	11480,8847,8851
ndcc	N.D.C.C. § 14-17-17	5	0	11374,11276,10912
ndcc	N.D.C.C. § 27-07.1-33	5	0	11157,11071,11027
ndcc	N.D.C.C. § 29-32-09	5	0	10002,9461,8572
ndcc	N.D.C.C. § 13-02-04	5	0	9936,9618,8048
ndcc	N.D.C.C. § 12-53-14	5	0	9895,9869,8571
ndcc	N.D.C.C. § 13-02-07	5	0	9618,8048,7705
ndcc	N.D.C.C. ch. 49-18	5	0	9378,8083,7820
ndcc	N.D.C.C. § 26-02-06	5	0	9094,8007,6646
ndcc	N.D.C.C. § 15-38.1-14	5	0	8185,8101,7984
ndcc	N.D.C.C. § 33-12-40	5	0	7683,7211,6853
ndcc	N.D.C.C. § 26-07-02	5	0	7679,7616,6381
ndcc	N.D.C.C. § 29-14-04	5	0	7656,7211,7026
ndcc	N.D.C.C. § 39-17-07	5	0	7452,7367,6583
ndcc	N.D.C.C. § 51-01-16	5	0	7293,6659,6537
rule	N.D.R.Crim.P. 54	4	0	11755,11375,10821
ndcc	N.D.C.C. § 14-12.1-02	4	0	12002,9533,8770
ndcc	N.D.C.C. § 45-07-01	4	0	11931,11174,8938
ndcc	N.D.C.C. § 25-09-04	4	0	11827,8058,7881
ndcc	N.D.C.C. § 14-17-09	4	0	11617,9718,9375
ndcc	N.D.C.C. § 12-51-07	4	0	11506,9869,7757
ndcc	N.D.C.C. ch. 32-08	4	0	11193,8281,6911
ndcc	N.D.C.C. § 15-38.1-09	4	0	11113,8699,8185
ndcc	N.D.C.C. § 26-41-02	4	0	11003,9413,8683
ndcc	N.D.C.C. § 45-05-05	4	0	10971,8060,7102
ndcc	N.D.C.C. § 27-20-35	4	0	10936,8418,8345
ndcc	N.D.C.C. § 27-07.1-31	4	0	10821,9898,9606
ndcc	N.D.C.C. ch. 65-13	4	0	10492,10443,7681
ndcc	N.D.C.C. § 10-06-01	4	0	10179,9843,9373
ndcc	N.D.C.C. § 32-19.1-04	4	0	9994,9992,9792
ndcc	N.D.C.C. ch. 15-29	4	0	9891,8109,6310
ndcc	N.D.C.C. § 26-02-42	4	0	9778,9460,8683
ndcc	N.D.C.C. § 26-41-04	4	0	9778,9573,9460
ndcc	N.D.C.C. § 49-18-14	4	0	9378,9247,8743
ndcc	N.D.C.C. § 33-12-34	4	0	8992,8251,6762
ndcc	N.D.C.C. § 32-29.1-01	4	0	8826,8359,8266
ndcc	N.D.C.C. § 12-27-17	4	0	8589,7354,7227
ndcc	N.D.C.C. § 57-23.1-02	4	0	8456,8425,8323
ndcc	N.D.C.C. § 49-18-17	4	0	8230,7975,6570
ndcc	N.D.C.C. § 39-15-03	4	0	7536,6915,6668
ndcc	N.D.C.C. § 56-01-04	4	0	7425,6742,6686
ndcc	N.D.C.C. § 15-53-14	4	0	7359,6917,6225
ndcc	N.D.C.C. § 29-11-10	4	0	7056,6762,6754
ndcc	N.D.C.C. § 30-21-10	4	0	6835,6624,6424
const	N.D. Const. art. IV, § 86	3	0	8250,8194,8160
ndcc	N.D.C.C. ch. 89-10	3	0	12312,11842,10802
ndcc	N.D.C.C. § 14-17-13	3	0	12256,9833,8779
ndcc	N.D.C.C. § 12-05-01	3	0	12226,8612,7657
ndcc	N.D.C.C. § 29-32-02	3	0	12184,9461,7396
ndcc	N.D.C.C. § 57-24-14	3	0	12170,10951,7172
ndcc	N.D.C.C. § 29-32-03	3	0	12051,9461,7682
ndcc	N.D.C.C. § 14-12.1-01	3	0	12002,11371,9533
ndcc	N.D.C.C. § 27-07.1-03	3	0	11689,11761,11774
ndcc	N.D.C.C. ch. 10-19	3	0	11573,10206,8802
ndcc	N.D.C.C. ch. 15-40.1	3	0	11577,10160,8499
ndcc	N.D.C.C. § 15-34.2-06.1	3	0	11577,9849,9419
ndcc	N.D.C.C. § 15-38-07	3	0	11577,11283,8781
ndcc	N.D.C.C. § 15-41-24	3	0	11577,8781,8231
ndcc	N.D.C.C. § 12-51-09	3	0	11506,10869,7757
ndcc	N.D.C.C. § 15-38.1-13	3	0	11314,8185,7439
ndcc	N.D.C.C. ch. 26.1-42	3	0	11286,11290,10009
ndcc	N.D.C.C. § 26.1-42-05	3	0	11286,10741,10009
ndcc	N.D.C.C. § 26.1-42-02	3	0	11286,10741,10009
ndcc	N.D.C.C. § 32-08-10	3	0	11193,8281,6911
ndcc	N.D.C.C. § 33-01-06	3	0	11071,8289,8112
ndcc	N.D.C.C. § 32-19.1-01	3	0	10971,10587,9316
ndcc	N.D.C.C. § 56-03-02	3	0	10927,9116,8171
ndcc	N.D.C.C. § 45-06-01	3	0	10832,10303,10093
ndcc	N.D.C.C. § 10-21-17	3	0	10732,10096,6788
ndcc	N.D.C.C. § 12-21.1-04	3	0	10733,8469,6853
ndcc	N.D.C.C. § 26-41-07	3	0	10672,8328,8092
ndcc	N.D.C.C. § 16-12-04	3	0	10297,7959,7632
ndcc	N.D.C.C. ch. 10-21	3	0	10096,10035,6788
ndcc	N.D.C.C. § 12-53-06	3	0	10040,9972,6719
ndcc	N.D.C.C. § 12-53-03	3	0	10017,9869,8806
ndcc	N.D.C.C. § 13-02-02	3	0	9936,8048,7670
ndcc	N.D.C.C. § 40-18-12	3	0	9879,9386,6298
ndcc	N.D.C.C. § 25-09-09	3	0	9736,8076,8058
ndcc	N.D.C.C. § 13-02-03	3	0	9618,8048,7670
ndcc	N.D.C.C. § 12-17-14	3	0	9614,7323,6416
ndcc	N.D.C.C. § 29-32-08	3	0	9567,9308,7860
ndcc	N.D.C.C. § 48-01-01	3	0	9508,7948,6603
ndcc	N.D.C.C. § 45-09-14	3	0	9436,8745,7251
ndcc	N.D.C.C. § 28-01.1-07	3	0	9392,9091,8895
ndcc	N.D.C.C. § 14-14-13	3	0	9359,7925,7394
ndcc	N.D.C.C. § 15-53.1-05	3	0	9345,9150,8771
ndcc	N.D.C.C. § 15-53.1-29	3	0	9345,8771,8504
ndcc	N.D.C.C. § 29-30-02	3	0	9226,6920,6860
ndcc	N.D.C.C. § 15-53.1-02	3	0	9150,8890,8771
ndcc	N.D.C.C. § 26-06-04	3	0	9094,7752,7038
ndcc	N.D.C.C. § 29-11-57	3	0	9019,7149,6419
ndcc	N.D.C.C. § 61-21-13	3	0	8847,8851,8558
ndcc	N.D.C.C. § 49-18-16	3	0	8743,8230,6353
ndcc	N.D.C.C. § 4-12-03.1	3	0	8725,8026,7916
ndcc	N.D.C.C. § 12-01-07	3	0	8600,7240,6213
ndcc	N.D.C.C. § 26-02-33	3	0	8586,7003,6916
ndcc	N.D.C.C. § 26-03-40	3	0	8542,8062,6277
ndcc	N.D.C.C. § 26-18-08	3	0	8542,8062,7679
ndcc	N.D.C.C. § 27-20-41	3	0	8404,7505,6967
ndcc	N.D.C.C. § 49-18-01	3	0	8230,7975,6570
ndcc	N.D.C.C. ch. 15-51	3	0	8107,6807,8813
ndcc	N.D.C.C. § 30-26-02	3	0	7992,7734,6164
ndcc	N.D.C.C. § 16-13-47.1	3	0	7959,7632,7614
ndcc	N.D.C.C. § 16-13-15	3	0	7959,7632,7614
ndcc	N.D.C.C. § 32-36-09	3	0	7890,7710,7709
ndcc	N.D.C.C. § 16-20-17.1	3	0	7814,7138,7031
ndcc	N.D.C.C. § 12-06-27	3	0	7757,6518,6213
ndcc	N.D.C.C. § 56-01-05	3	0	7710,7709,6742
ndcc	N.D.C.C. § 29-20-01	3	0	7552,7416,6946
ndcc	N.D.C.C. § 12-26-02	3	0	7458,7470,7363
ndcc	N.D.C.C. § 12-53-15	3	0	7396,7174,6719
ndcc	N.D.C.C. § 57-37-06	3	0	7332,7193,6377
ndcc	N.D.C.C. § 12-16-05	3	0	7317,7202,6754
ndcc	N.D.C.C. § 51-01-72	3	0	7293,6410,6204
ndcc	N.D.C.C. ch. 48-01	3	0	7127,6603,6244
ndcc	N.D.C.C. § 30-10-07	3	0	7052,6999,6458
ndcc	N.D.C.C. § 15-53-21	3	0	6917,6532,6246
ndcc	N.D.C.C. § 15-22-21	3	0	6917,6560,6297
ndcc	N.D.C.C. § 15-22-22	3	0	6917,6560,6532
ndcc	N.D.C.C. ch. 15-27	3	0	6917,17307,11546
ndcc	N.D.C.C. § 29-13-03	3	0	6888,6804,6240
ndcc	N.D.C.C. ch. 40-51	3	0	6765,6291,11546
ndcc	N.D.C.C. ch. 57-39	3	0	6790,14021,10703
ndcc	N.D.C.C. § 5-05-09	3	0	6439,6224,6187
ndcc	N.D.C.C. ch. 57-37	3	0	6377,12694,7403
ndcc	N.D.C.C. ch. 30-02	3	0	6164,10882,9004
ndcc	N.D.C.C. ch. 15-39	3	0	12213,12212,9129
rule	N.D.R.App.P. 54	2	0	11482,11481
admin	N.D.A.C. § 59.5-03-03-04	2	0	12237,10984
admin	N.D.A.C. § 59.5-03-03-05	2	0	11810,10214
admin	N.D.A.C. § 75-02-01-01	2	0	11617,8114
admin	N.D.A.C. § 12-46-24-12	2	0	11536,8682
admin	N.D.A.C. § 3-04-05-01	2	0	11043,8416
ndcc	N.D.C.C. § 45-07-04	2	0	12285,11931
ndcc	N.D.C.C. § 41-03-80	2	0	12181,11421
ndcc	N.D.C.C. § 41-03-81	2	0	12181,11421
ndcc	N.D.C.C. § 14-12.1-39	2	0	12188,12002
ndcc	N.D.C.C. § 27-20-08	2	0	12163,8620
ndcc	N.D.C.C. § 57-24-08	2	0	12170,10951
ndcc	N.D.C.C. § 45-06-08	2	0	12122,7675
ndcc	N.D.C.C. § 15-27.6-07	2	0	12060,11724
ndcc	N.D.C.C. § 57-27-06	2	0	12010,6217
ndcc	N.D.C.C. § 14-12.1-30	2	0	12002,7053
ndcc	N.D.C.C. § 28-32-03.3	2	0	11998,10975
ndcc	N.D.C.C. ch. 23-17.2	2	0	11907,7229
ndcc	N.D.C.C. ch. 15-27.6	2	0	11905,11724
ndcc	N.D.C.C. § 15-27.6-10	2	0	11905,11724
ndcc	N.D.C.C. § 23-17.2-02	2	0	11862,7229
ndcc	N.D.C.C. § 61-21-32	2	0	11844,6730
ndcc	N.D.C.C. § 28-01.1-04	2	0	11736,10977
ndcc	N.D.C.C. § 10-22-03	2	0	11712,11573
ndcc	N.D.C.C. § 13-02-01	2	0	11640,7670
ndcc	N.D.C.C. § 10-19-02	2	0	11573,6925
ndcc	N.D.C.C. ch. 26-08	2	0	11573,8117
ndcc	N.D.C.C. § 10-19-03	2	0	11573,7016
ndcc	N.D.C.C. § 26-09-01	2	0	11573,7027
ndcc	N.D.C.C. § 41-03-73	2	0	11575,8335
ndcc	N.D.C.C. § 15-47-43	2	0	11577,7356
ndcc	N.D.C.C. § 15-40.1-06	2	0	11577,10160
ndcc	N.D.C.C. § 15-44-01	2	0	11577,10853
ndcc	N.D.C.C. ch. 15-54	2	0	11577,14427
ndcc	N.D.C.C. § 15-40.1-07	2	0	11577,10160
ndcc	N.D.C.C. § 15-47-33	2	0	11577,11283
ndcc	N.D.C.C. § 15-21-04.1	2	0	11577,10131
ndcc	N.D.C.C. ch. 12-51	2	0	11506,7230
ndcc	N.D.C.C. § 14-14-12	2	0	11514,9359
ndcc	N.D.C.C. § 14-17-02	2	0	11482,11481
ndcc	N.D.C.C. § 14-17-25	2	0	11482,11481
ndcc	N.D.C.C. § 51-16-01	2	0	11342,9016
ndcc	N.D.C.C. ch. 27-07.1	2	0	11288,9947
ndcc	N.D.C.C. ch. 27-07	2	0	11288,9354
ndcc	N.D.C.C. ch. 27-08	2	0	11288,8289
ndcc	N.D.C.C. § 15-34.1-05	2	0	11283,8231
ndcc	N.D.C.C. § 27-16-13	2	0	11282,7552
ndcc	N.D.C.C. § 27-30-36	2	0	11282,10400
ndcc	N.D.C.C. § 60-04-06	2	0	11188,9435
ndcc	N.D.C.C. ch. 16-2	2	0	11123,9613
ndcc	N.D.C.C. ch. 33-01	2	0	11071,8289
ndcc	N.D.C.C. § 15-47-38.1	2	0	11016,10635
ndcc	N.D.C.C. § 12-03-01	2	0	11041,8713
ndcc	N.D.C.C. § 45-06-07	2	0	10971,8670
ndcc	N.D.C.C. § 26.1-42-03	2	0	10741,10009
ndcc	N.D.C.C. ch. 6-07	2	0	10732,7503
ndcc	N.D.C.C. § 56-04-17	2	0	10719,7295
ndcc	N.D.C.C. § 56-04-16	2	0	10719,7295
ndcc	N.D.C.C. ch. 65-12	2	0	10658,7502
ndcc	N.D.C.C. § 32-19.1-03	2	0	10587,8580
ndcc	N.D.C.C. § 28-31-19	2	0	10576,10475
ndcc	N.D.C.C. § 48-02-02	2	0	10562,7127
ndcc	N.D.C.C. § 12.1-31.1-01	2	0	10498,10311
ndcc	N.D.C.C. § 65-13-13	2	0	10492,7597
ndcc	N.D.C.C. § 15-47-27.1	2	0	10423,10146
ndcc	N.D.C.C. § 32-19.1-02	2	0	10385,10093
ndcc	N.D.C.C. § 15-21-07	2	0	10378,7359
ndcc	N.D.C.C. ch. 32-09	2	0	10283,8641
ndcc	N.D.C.C. § 12-06-06	2	0	10215,7227
ndcc	N.D.C.C. § 15-47-15	2	0	10192,7445
ndcc	N.D.C.C. § 45-05-07	2	0	10161,7251
ndcc	N.D.C.C. § 26-02-13	2	0	10103,7616
ndcc	N.D.C.C. § 40-50-01	2	0	10079,6515
ndcc	N.D.C.C. § 45-08-03	2	0	10093,8497
ndcc	N.D.C.C. § 10-21-05	2	0	10035,6788
ndcc	N.D.C.C. § 10-07-03	2	0	10035,6911
ndcc	N.D.C.C. § 4-12.2-04	2	0	9946,9619
ndcc	N.D.C.C. § 4-12.2-20	2	0	9946,9619
ndcc	N.D.C.C. § 4-12.2-16	2	0	9946,9619
ndcc	N.D.C.C. ch. 4-12.2	2	0	9946,9619
ndcc	N.D.C.C. § 14-06-03	2	0	9856,6865
ndcc	N.D.C.C. § 14-06-04	2	0	9856,6865
ndcc	N.D.C.C. ch. 16-14	2	0	9831,7614
ndcc	N.D.C.C. § 10-06-07	2	0	9843,9552
ndcc	N.D.C.C. § 25-09-07	2	0	9736,8076
ndcc	N.D.C.C. § 59-01-04	2	0	9634,9354
ndcc	N.D.C.C. § 32-19.1-05	2	0	9594,8792
ndcc	N.D.C.C. ch. 45-05	2	0	9630,8060
ndcc	N.D.C.C. § 26-41-10	2	0	9573,8097
ndcc	N.D.C.C. § 33-12-19	2	0	9497,8251
ndcc	N.D.C.C. § 26-02-25	2	0	9413,6381
ndcc	N.D.C.C. ch. 50-24	2	0	9328,8703
ndcc	N.D.C.C. ch. 36-19	2	0	9338,8691
ndcc	N.D.C.C. § 32-19.1-04.1	2	0	9258,8792
ndcc	N.D.C.C. § 12-53-04	2	0	20486,8208
ndcc	N.D.C.C. § 40-50-22	2	0	9170,8610
ndcc	N.D.C.C. § 35-12-04	2	0	9195,6414
ndcc	N.D.C.C. ch. 28-18	2	0	9098,6441
ndcc	N.D.C.C. § 27-20-07	2	0	9098,7957
ndcc	N.D.C.C. § 26-41-19	2	0	9032,7909
ndcc	N.D.C.C. § 26-41-08	2	0	9032,8328
ndcc	N.D.C.C. § 26-10-18	2	0	9037,6686
ndcc	N.D.C.C. § 10-19-23	2	0	9026,8802
ndcc	N.D.C.C. § 29-09-06	2	0	9053,7652
ndcc	N.D.C.C. § 15-53.1-16	2	0	8890,8771
ndcc	N.D.C.C. § 61-21-03	2	0	8847,8851
ndcc	N.D.C.C. § 61-21-02	2	0	8847,6932
ndcc	N.D.C.C. § 61-21-14	2	0	8851,8558
ndcc	N.D.C.C. § 10-19-04	2	0	8802,8385
ndcc	N.D.C.C. § 10-19-36	2	0	8802,6844
ndcc	N.D.C.C. § 14-12.1-08	2	0	8770,7324
ndcc	N.D.C.C. ch. 28-16	2	0	8712,12830
ndcc	N.D.C.C. § 15-38.1-10	2	0	8710,7984
ndcc	N.D.C.C. § 27-06-01	2	0	8615,6829
ndcc	N.D.C.C. ch. 12-44	2	0	8485,8252
ndcc	N.D.C.C. § 12-01-04	2	0	8526,7110
ndcc	N.D.C.C. ch. 57-23.1	2	0	8456,7730
ndcc	N.D.C.C. § 9-09-09	2	0	8412,7326
ndcc	N.D.C.C. § 16-08-04	2	0	8436,6557
ndcc	N.D.C.C. § 16-20-22	2	0	8436,7138
ndcc	N.D.C.C. ch. 16-15	2	0	8322,7138
ndcc	N.D.C.C. ch. 4-09	2	0	8335,18054
ndcc	N.D.C.C. ch. 57-33	2	0	8323,7634
ndcc	N.D.C.C. ch. 11-19	2	0	8276,6950
ndcc	N.D.C.C. § 33-01-04	2	0	8289,8112
ndcc	N.D.C.C. § 12-41-10	2	0	8254,6760
ndcc	N.D.C.C. § 25-09-02	2	0	8252,8076
ndcc	N.D.C.C. § 39-11-03	2	0	8201,6168
ndcc	N.D.C.C. § 45-09-04	2	0	8191,7422
ndcc	N.D.C.C. § 45-09-10	2	0	8191,7251
ndcc	N.D.C.C. § 45-09-02	2	0	8191,7251
ndcc	N.D.C.C. ch. 15-34	2	0	8137,7817
ndcc	N.D.C.C. § 26-03.1-03	2	0	8125,7952
ndcc	N.D.C.C. § 33-01-05	2	0	8112,7621
ndcc	N.D.C.C. § 26-07-14	2	0	8117,6916
ndcc	N.D.C.C. § 15-38.1-11	2	0	8109,7984
ndcc	N.D.C.C. ch. 15-47	2	0	8107,7065
ndcc	N.D.C.C. § 15-51-17	2	0	8107,6807
ndcc	N.D.C.C. § 26-28-03	2	0	8084,8008
ndcc	N.D.C.C. ch. 26-28	2	0	8084,8008
ndcc	N.D.C.C. ch. 29-24	2	0	8053,7796
ndcc	N.D.C.C. § 49-18-12	2	0	8083,7820
ndcc	N.D.C.C. § 27-14-02.1	2	0	8014,7932
ndcc	N.D.C.C. § 16-20-01	2	0	8020,7138
ndcc	N.D.C.C. ch. 30-10	2	0	8028,7943
ndcc	N.D.C.C. § 10-06-03	2	0	7989,7016
ndcc	N.D.C.C. § 10-06-06	2	0	7989,7016
ndcc	N.D.C.C. § 49-18-43	2	0	7975,6516
ndcc	N.D.C.C. § 16-18-14	2	0	7959,7632
ndcc	N.D.C.C. § 16-18-17	2	0	7959,7632
ndcc	N.D.C.C. § 16-11-11	2	0	7959,7632
ndcc	N.D.C.C. § 16-13-01	2	0	7959,7632
ndcc	N.D.C.C. § 16-01-17	2	0	7959,7632
ndcc	N.D.C.C. § 16-18-20	2	0	7959,7632
ndcc	N.D.C.C. § 30-21-20	2	0	7934,6721
ndcc	N.D.C.C. § 12-06-09	2	0	7938,7202
ndcc	N.D.C.C. ch. 4-12	2	0	7916,7373
ndcc	N.D.C.C. ch. 16-07	2	0	7801,7406
ndcc	N.D.C.C. § 16-20-17.2	2	0	7814,7031
ndcc	N.D.C.C. § 57-52-03	2	0	7790,6223
ndcc	N.D.C.C. ch. 57-50	2	0	7790,6223
ndcc	N.D.C.C. § 57-37-11	2	0	7790,7291
ndcc	N.D.C.C. § 32-36-08	2	0	7710,7709
ndcc	N.D.C.C. § 32-36-17	2	0	7710,7709
ndcc	N.D.C.C. § 29-32-04	2	0	7682,7609
ndcc	N.D.C.C. § 65-13-17	2	0	7681,7597
ndcc	N.D.C.C. § 39-17-04	2	0	7662,7003
ndcc	N.D.C.C. ch. 16-18	2	0	7632,7199
ndcc	N.D.C.C. § 23-02-40	2	0	7583,6950
ndcc	N.D.C.C. ch. 26-26	2	0	7594,6426
ndcc	N.D.C.C. ch. 26-27	2	0	7594,6426
ndcc	N.D.C.C. § 6-07-43	2	0	7555,7503
ndcc	N.D.C.C. § 62-01-02	2	0	7545,7202
ndcc	N.D.C.C. § 14-11-04	2	0	7548,6956
ndcc	N.D.C.C. § 57-37-19	2	0	7477,6377
ndcc	N.D.C.C. ch. 1-2	2	0	7479,6463
ndcc	N.D.C.C. § 12-02-04	2	0	7470,6819
ndcc	N.D.C.C. § 29-13-09	2	0	7470,7141
ndcc	N.D.C.C. ch. 29-11	2	0	7470,16726
ndcc	N.D.C.C. § 15-47-05	2	0	7445,6246
ndcc	N.D.C.C. § 12-26-04	2	0	7363,7001
ndcc	N.D.C.C. § 15-27-05	2	0	7359,6917
ndcc	N.D.C.C. ch. 78-19	2	0	7374,7319
ndcc	N.D.C.C. § 29-30-06	2	0	7268,6860
ndcc	N.D.C.C. § 29-14-01	2	0	7211,6662
ndcc	N.D.C.C. ch. 29-14	2	0	7211,6904
ndcc	N.D.C.C. § 20-08-03	2	0	7221,6351
ndcc	N.D.C.C. § 10-06-04	2	0	7201,7016
ndcc	N.D.C.C. § 16-15-01.1	2	0	7138,6557
ndcc	N.D.C.C. § 12-30-01	2	0	7109,7073
ndcc	N.D.C.C. § 28-18-07	2	0	7105,6783
ndcc	N.D.C.C. § 15-40-26	2	0	7069,6286
ndcc	N.D.C.C. § 6-07-04	2	0	7064,7077
ndcc	N.D.C.C. § 14-12.1-27	2	0	7053,6908
ndcc	N.D.C.C. § 29-14-12	2	0	7026,6678
ndcc	N.D.C.C. ch. 4-10	2	0	6955,6399
ndcc	N.D.C.C. ch. 29-30	2	0	6920,6860
ndcc	N.D.C.C. § 32-08-06	2	0	6911,6584
ndcc	N.D.C.C. § 29-14-15	2	0	6904,6589
ndcc	N.D.C.C. § 32-24-04	2	0	6837,6140
ndcc	N.D.C.C. § 27-16-21	2	0	6820,6773
ndcc	N.D.C.C. ch. 10-16	2	0	6788,16157
ndcc	N.D.C.C. § 35-02-01	2	0	6825,6275
ndcc	N.D.C.C. ch. 57-40	2	0	6790,14021
ndcc	N.D.C.C. § 57-40-02	2	0	6790,6586
ndcc	N.D.C.C. § 29-11-42	2	0	6750,6380
ndcc	N.D.C.C. § 12-06-07	2	0	6719,6518
ndcc	N.D.C.C. § 26-02-04	2	0	6646,6244
ndcc	N.D.C.C. § 26-02-05	2	0	6646,6277
ndcc	N.D.C.C. § 52-09-20	2	0	6633,6475
ndcc	N.D.C.C. § 30-01-02	2	0	6595,6182
ndcc	N.D.C.C. § 49-18-07	2	0	6588,6568
ndcc	N.D.C.C. ch. 28-19	2	0	6585,10236
ndcc	N.D.C.C. § 40-51-10	2	0	6593,6291
ndcc	N.D.C.C. § 56-05-01	2	0	6463,6446
ndcc	N.D.C.C. § 27-07-39	2	0	6436,6164
ndcc	N.D.C.C. § 30-06-08	2	0	6434,6182
ndcc	N.D.C.C. § 35-12-21	2	0	6414,6272
ndcc	N.D.C.C. ch. 35-12	2	0	6414,13631
ndcc	N.D.C.C. ch. 86-12	2	0	6395,14146
ndcc	N.D.C.C. § 15-40-17	2	0	6332,6286
ndcc	N.D.C.C. § 30-26-06	2	0	6359,6164
ndcc	N.D.C.C. ch. 28-28	2	0	6276,13150
ndcc	N.D.C.C. ch. 15-40	2	0	6286,15783
ndcc	N.D.C.C. § 15-53-05	2	0	6225,6136
ndcc	N.D.C.C. § 15-53-13	2	0	6225,6136
ndcc	N.D.C.C. § 30-18-04	2	0	6222,6199
ndcc	N.D.C.C. ch. 12-17	2	0	15898,9402
ndcc	N.D.C.C. ch. 5-05	2	0	14831,9538
ndcc	N.D.C.C. ch. 59-03	2	0	11708,9130
ndcc	N.D.C.C. ch. 57-16	2	0	11409,8812
const	N.D. Const. art. XVI, § 203	1	0	9338
const	N.D. Const. art. IV, § 101	1	0	9018
const	N.D. Const. art. IV, § 33	1	0	8499
const	N.D. Const. art. IV, § 43	1	0	8459
const	N.D. Const. art. XXI, § 174	1	0	7625
const	N.D. Const. art. II, § 47	1	0	6717
rule	N.D.R.Ev. 472	1	0	11794
rule	N.D.R.Ev. 175	1	0	11638
rule	N.D.R.Ev. 1980	1	0	11462
rule	N.D.R.Civ.P. 73	1	0	11421
rule	N.D.R.Civ.P. 35.1	1	0	11265
rule	N.D.R.Ev. 1503	1	0	11196
rule	N.D.R.Ev. 0904	1	0	10634
rule	N.D.R.Civ.P. 58.1	1	0	10373
rule	N.D.R.Ev. 0104	1	0	10212
rule	N.D.R.Crim.P. 42.1	1	0	10015
rule	N.D.R.Crim.P. 06	1	0	10015
rule	N.D.R.Crim.P. 07	1	0	10015
rule	N.D.R.Ev. 209	1	0	9517
rule	N.D.R.Ev. 303	1	0	9434
rule	N.D.R.Crim.P. 53	1	0	9098
rule	N.D.R.Ev. 136	1	0	8337
rule	N.D.R.Civ.P. 05	1	0	7810
rule	N.D.R.Ev. 3301	1	0	11546
rule	N.D.R.Ev. 2732	1	0	7404
rule	N.D.R.Ev. 0112	1	0	7404
rule	N.D.R.Ev. 0401	1	0	3883
admin	N.D.A.C. § 75-02-01.1-15	1	0	12265
admin	N.D.A.C. § 75-02-11-13	1	0	12232
admin	N.D.A.C. § 75-02-11-14	1	0	12232
admin	N.D.A.C. § 75-02-11-02	1	0	12232
admin	N.D.A.C. § 75-02-11-25	1	0	12232
admin	N.D.A.C. § 75-02-11-18	1	0	12232
admin	N.D.A.C. § 75-02-11-24	1	0	12232
admin	N.D.A.C. § 75-02-11-16	1	0	12232
admin	N.D.A.C. § 12.1-17-01-12.1	1	0	12104
admin	N.D.A.C. § 45-05-08-01	1	0	12065
admin	N.D.A.C. § 2-19-03.1-36	1	0	11755
admin	N.D.A.C. § 59.5-03-04-02	1	0	11451
admin	N.D.A.C. § 59.5-03-04-01	1	0	11451
admin	N.D.A.C. § 45-10-01-06	1	0	11192
admin	N.D.A.C. § 75-02-04.1-03.4	1	0	11138
admin	N.D.A.C. § 75-02-04.1-09.9	1	0	11138
admin	N.D.A.C. § 75-02-04.1-13.10	1	0	11138
admin	N.D.A.C. § 52-01-01-17	1	0	10975
admin	N.D.A.C. § 40-05-01-29	1	0	10857
admin	N.D.A.C. § 75-02-01-05	1	0	10888
admin	N.D.A.C. § 39-08-04-39	1	0	10384
admin	N.D.A.C. § 10-06-02-01	1	0	10339
admin	N.D.A.C. § 50-03-03-05	1	0	10272
admin	N.D.A.C. § 50-03-03-03	1	0	10272
admin	N.D.A.C. § 75-01-01-01	1	0	10247
admin	N.D.A.C. § 67-02-02-02	1	0	10199
admin	N.D.A.C. § 75-02-01-13	1	0	10144
admin	N.D.A.C. § 75-02-07-01	1	0	10083
admin	N.D.A.C. ch. 75-02-07	1	0	10083
admin	N.D.A.C. § 75-02-07-04	1	0	10083
admin	N.D.A.C. § 75-02-07-05	1	0	10083
admin	N.D.A.C. § 75-02-04-07	1	0	10083
admin	N.D.A.C. § 75-02-08-16	1	0	10083
admin	N.D.A.C. § 25-45-08-02	1	0	10093
admin	N.D.A.C. § 54-03.1-11-04	1	0	9797
admin	N.D.A.C. § 54-03.1-01-05	1	0	9797
admin	N.D.A.C. § 54-03.1-06-02	1	0	9797
admin	N.D.A.C. § 54-03.1-07-02	1	0	9797
admin	N.D.A.C. § 28-29-04-28	1	0	9090
admin	N.D.A.C. § 69-04-01-18	1	0	8950
admin	N.D.A.C. § 75-02-01-12	1	0	8788
admin	N.D.A.C. § 4-02-04-10	1	0	8655
admin	N.D.A.C. § 4-02-04-11	1	0	8655
admin	N.D.A.C. § 51-19-02-14	1	0	8412
admin	N.D.A.C. § 12.1-27.1-12-10	1	0	8424
admin	N.D.A.C. § 27-20-02-10	1	0	8347
admin	N.D.A.C. § 36-01-01-01	1	0	8332
admin	N.D.A.C. § 36-02-01-04	1	0	8332
admin	N.D.A.C. § 75-02-01-14	1	0	8114
admin	N.D.A.C. § 75-02-01-04	1	0	8114
admin	N.D.A.C. § 31-11-05-24	1	0	8020
admin	N.D.A.C. § 59-01-09-59	1	0	8015
admin	N.D.A.C. § 3-24-17-03	1	0	7887
admin	N.D.A.C. § 3-50-24-15	1	0	7568
admin	N.D.A.C. § 23-19-02.1-02	1	0	7130
admin	N.D.A.C. § 57-39.2-04-19	1	0	6790
admin	N.D.A.C. § 31-11-05-23	1	0	6725
admin	N.D.A.C. § 52-10-01-52	1	0	6633
admin	N.D.A.C. § 57-02-08-15	1	0	6483
admin	N.D.A.C. § 12-01-07-12	1	0	6465
admin	N.D.A.C. § 54-23-02-54	1	0	6319
ndcc	N.D.C.C. § 43-16-36	1	0	12286
ndcc	N.D.C.C. § 45-10.1-07	1	0	12285
ndcc	N.D.C.C. § 45-10.1-31	1	0	12285
ndcc	N.D.C.C. § 59-04-17	1	0	12278
ndcc	N.D.C.C. § 45-06-03	1	0	12283
ndcc	N.D.C.C. § 14-12.1-10	1	0	12188
ndcc	N.D.C.C. ch. 30-4	1	0	12148
ndcc	N.D.C.C. § 57-27-03	1	0	12170
ndcc	N.D.C.C. § 59-03-03.1	1	0	12170
ndcc	N.D.C.C. § 15-59-10	1	0	12128
ndcc	N.D.C.C. ch. 34-4	1	0	12126
ndcc	N.D.C.C. § 57-04.2-03.3	1	0	12097
ndcc	N.D.C.C. ch. 84-1	1	0	12074
ndcc	N.D.C.C. § 27-07.1-15	1	0	12106
ndcc	N.D.C.C. ch. 15-27.2	1	0	12060
ndcc	N.D.C.C. § 32-29-01	1	0	12065
ndcc	N.D.C.C. § 54-23.2-02	1	0	12008
ndcc	N.D.C.C. § 54-23.2-04	1	0	12008
ndcc	N.D.C.C. ch. 23-26	1	0	12018
ndcc	N.D.C.C. § 23-06.4-11	1	0	11989
ndcc	N.D.C.C. § 14-12.1-11	1	0	12002
ndcc	N.D.C.C. § 14-12.1-14	1	0	12002
ndcc	N.D.C.C. § 14-12.1-18	1	0	12002
ndcc	N.D.C.C. § 14-12.1-40	1	0	12002
ndcc	N.D.C.C. § 14-12.1-03	1	0	12002
ndcc	N.D.C.C. ch. 44-1	1	0	11986
ndcc	N.D.C.C. ch. 33-07	1	0	11976
ndcc	N.D.C.C. § 27-07.1-06	1	0	11956
ndcc	N.D.C.C. ch. 4-04	1	0	11956
ndcc	N.D.C.C. § 23-17.2-11	1	0	11907
ndcc	N.D.C.C. § 28-01-15.1	1	0	11855
ndcc	N.D.C.C. § 27-07.1-21	1	0	11831
ndcc	N.D.C.C. ch. 14-1	1	0	11862
ndcc	N.D.C.C. § 10-24-25	1	0	11862
ndcc	N.D.C.C. ch. 20-1	1	0	11862
ndcc	N.D.C.C. § 30.1-08-03.3	1	0	11850
ndcc	N.D.C.C. § 30.1-08-09.5	1	0	11850
ndcc	N.D.C.C. ch. 66-1	1	0	11839
ndcc	N.D.C.C. ch. 75-2	1	0	11844
ndcc	N.D.C.C. § 12.1-31.2-01.1	1	0	11814
ndcc	N.D.C.C. ch. 29-31	1	0	11768
ndcc	N.D.C.C. § 10-27-18	1	0	11767
ndcc	N.D.C.C. § 28-04-05.2	1	0	11752
ndcc	N.D.C.C. § 4-02.1-01	1	0	11751
ndcc	N.D.C.C. § 4-02.1-13	1	0	11751
ndcc	N.D.C.C. ch. 32-1	1	0	11751
ndcc	N.D.C.C. § 31-11-06.1	1	0	11754
ndcc	N.D.C.C. ch. 3-16	1	0	11724
ndcc	N.D.C.C. § 15-27.3-04	1	0	11724
ndcc	N.D.C.C. § 15-27.3-06	1	0	11724
ndcc	N.D.C.C. § 15-27.3-08	1	0	11724
ndcc	N.D.C.C. § 15-27.3-07	1	0	11724
ndcc	N.D.C.C. § 15-27.6-11	1	0	11724
ndcc	N.D.C.C. ch. 41-19	1	0	11728
ndcc	N.D.C.C. § 27-20-32	1	0	11715
ndcc	N.D.C.C. § 28-04-01.1	1	0	11720
ndcc	N.D.C.C. § 45-08-05	1	0	11684
ndcc	N.D.C.C. § 15-67-06	1	0	11673
ndcc	N.D.C.C. § 14-09-06.12	1	0	11655
ndcc	N.D.C.C. § 14-14-10	1	0	11655
ndcc	N.D.C.C. § 32-09.1-14.2	1	0	11653
ndcc	N.D.C.C. ch. 4-0	1	0	11658
ndcc	N.D.C.C. § 16.1-08-03	1	0	11643
ndcc	N.D.C.C. § 13-02-09	1	0	11640
ndcc	N.D.C.C. § 5-01-02.1	1	0	11630
ndcc	N.D.C.C. § 2-23-02	1	0	11632
ndcc	N.D.C.C. § 48-02-12	1	0	11631
ndcc	N.D.C.C. ch. 89-32	1	0	11626
ndcc	N.D.C.C. § 27-07.1-18	1	0	11607
ndcc	N.D.C.C. § 24-06-28.4	1	0	11567
ndcc	N.D.C.C. § 32-12-1.15	1	0	11573
ndcc	N.D.C.C. § 26-08-01	1	0	11573
ndcc	N.D.C.C. § 41-03-72	1	0	11575
ndcc	N.D.C.C. § 34-02-04.3	1	0	11531
ndcc	N.D.C.C. § 34-02-03.5	1	0	11531
ndcc	N.D.C.C. § 37-19.1-02.1	1	0	11539
ndcc	N.D.C.C. ch. 15-44	1	0	11577
ndcc	N.D.C.C. § 15-40.1-15	1	0	11577
ndcc	N.D.C.C. § 15-40.1-13	1	0	11577
ndcc	N.D.C.C. § 15-41-06	1	0	11577
ndcc	N.D.C.C. § 15-45-02	1	0	11577
ndcc	N.D.C.C. ch. 62-18	1	0	11577
ndcc	N.D.C.C. ch. 62-10	1	0	11577
ndcc	N.D.C.C. ch. 62-90	1	0	11577
ndcc	N.D.C.C. ch. 62-95	1	0	11577
ndcc	N.D.C.C. § 32-3.2-06	1	0	11522
ndcc	N.D.C.C. § 27-06-05	1	0	11518
ndcc	N.D.C.C. § 12-51-02	1	0	11506
ndcc	N.D.C.C. § 12-51-01	1	0	11506
ndcc	N.D.C.C. § 12-51-04	1	0	11506
ndcc	N.D.C.C. § 12-51-05	1	0	11506
ndcc	N.D.C.C. § 12-51-06	1	0	11506
ndcc	N.D.C.C. § 1-01-09.2	1	0	11488
ndcc	N.D.C.C. § 14-02.4-01.1	1	0	11457
ndcc	N.D.C.C. ch. 33-18	1	0	11455
ndcc	N.D.C.C. § 14-14-22	1	0	11454
ndcc	N.D.C.C. § 61-21-62.2	1	0	11480
ndcc	N.D.C.C. § 61-21-62	1	0	11480
ndcc	N.D.C.C. § 61-21-16.5	1	0	11480
ndcc	N.D.C.C. § 61-21-21	1	0	11480
ndcc	N.D.C.C. § 61-21-22	1	0	11480
ndcc	N.D.C.C. ch. 91-4	1	0	11477
ndcc	N.D.C.C. § 53-39.2-04	1	0	11420
ndcc	N.D.C.C. ch. 28-07	1	0	11371
ndcc	N.D.C.C. § 36-09-20	1	0	11382
ndcc	N.D.C.C. § 36-09-19	1	0	11382
ndcc	N.D.C.C. § 25-03.1-17.1	1	0	11373
ndcc	N.D.C.C. § 15-38.1-03	1	0	11362
ndcc	N.D.C.C. § 41-03-80.7	1	0	11421
ndcc	N.D.C.C. § 59-02-10	1	0	11413
ndcc	N.D.C.C. § 54-42-06	1	0	11352
ndcc	N.D.C.C. ch. 54-42	1	0	11352
ndcc	N.D.C.C. § 54-42-03	1	0	11352
ndcc	N.D.C.C. § 32-29.2-13	1	0	11340
ndcc	N.D.C.C. ch. 95-1	1	0	11354
ndcc	N.D.C.C. ch. 41-6	1	0	11354
ndcc	N.D.C.C. § 47-09-09.5	1	0	11336
ndcc	N.D.C.C. § 35-17-01.1	1	0	11333
ndcc	N.D.C.C. § 14-09-09.191	1	0	11301
ndcc	N.D.C.C. § 14-09-09.202	1	0	11301
ndcc	N.D.C.C. § 14-08.1-05.4	1	0	11299
ndcc	N.D.C.C. § 29-20-35	1	0	11299
ndcc	N.D.C.C. ch. 27-18	1	0	11288
ndcc	N.D.C.C. § 32-29.2-1	1	0	11255
ndcc	N.D.C.C. § 34-12.1-04	1	0	11246
ndcc	N.D.C.C. § 30.1-33-02	1	0	11225
ndcc	N.D.C.C. ch. 15-59.3	1	0	11237
ndcc	N.D.C.C. § 15-59-02.1	1	0	11237
ndcc	N.D.C.C. § 15-59-07.2	1	0	11237
ndcc	N.D.C.C. § 15-59.3-03	1	0	11237
ndcc	N.D.C.C. § 15-59.3-02	1	0	11237
ndcc	N.D.C.C. § 15-59.3-01	1	0	11237
ndcc	N.D.C.C. § 57-1.1-01	1	0	11198
ndcc	N.D.C.C. § 20-06-15	1	0	11197
ndcc	N.D.C.C. § 32-08-12	1	0	11193
ndcc	N.D.C.C. § 60-02-22	1	0	11188
ndcc	N.D.C.C. § 65-05-09.22	1	0	11134
ndcc	N.D.C.C. § 59-04.1-05	1	0	11123
ndcc	N.D.C.C. § 30.1-13-02.9	1	0	11108
ndcc	N.D.C.C. § 36-04-03	1	0	11103
ndcc	N.D.C.C. ch. 36-04	1	0	11103
ndcc	N.D.C.C. § 36-04-05	1	0	11103
ndcc	N.D.C.C. § 36-04-04	1	0	11103
ndcc	N.D.C.C. § 36-04-10	1	0	11103
ndcc	N.D.C.C. § 36-04-21	1	0	11103
ndcc	N.D.C.C. § 25-01.12-17	1	0	11106
ndcc	N.D.C.C. § 32-12-02.1	1	0	11074
ndcc	N.D.C.C. § 5-14-09	1	0	11037
ndcc	N.D.C.C. § 32-03-10.5	1	0	11073
ndcc	N.D.C.C. § 33-01-07	1	0	11071
ndcc	N.D.C.C. § 35-04-05	1	0	10970
ndcc	N.D.C.C. § 32-13-03.2	1	0	10982
ndcc	N.D.C.C. § 27-20-16	1	0	10936
ndcc	N.D.C.C. § 57-24-03	1	0	10951
ndcc	N.D.C.C. § 57-24-15	1	0	10951
ndcc	N.D.C.C. § 24-01-1.1	1	0	10923
ndcc	N.D.C.C. § 29-06-15.5	1	0	10918
ndcc	N.D.C.C. § 29-28-07.3	1	0	10917
ndcc	N.D.C.C. § 23-07.3-01	1	0	10901
ndcc	N.D.C.C. § 32-23-09.1	1	0	10871
ndcc	N.D.C.C. ch. 57-40.21	1	0	10889
ndcc	N.D.C.C. § 45-05-01	1	0	10832
ndcc	N.D.C.C. § 45-05-03	1	0	10832
ndcc	N.D.C.C. § 45-05-02	1	0	10832
ndcc	N.D.C.C. ch. 83-5	1	0	10823
ndcc	N.D.C.C. § 28-14-29	1	0	10774
ndcc	N.D.C.C. § 27-07.1-23	1	0	10755
ndcc	N.D.C.C. § 26.1-42-12	1	0	10741
ndcc	N.D.C.C. § 13-03.1-16	1	0	10721
ndcc	N.D.C.C. ch. 28-10	1	0	10721
ndcc	N.D.C.C. § 52-06-0.4	1	0	10708
ndcc	N.D.C.C. § 26-41-13	1	0	10672
ndcc	N.D.C.C. § 26-41-14	1	0	10672
ndcc	N.D.C.C. § 26-41-06	1	0	10672
ndcc	N.D.C.C. § 12.1-22-02.3	1	0	10662
ndcc	N.D.C.C. § 35-09-03	1	0	10649
ndcc	N.D.C.C. § 57-45-10.3	1	0	10659
ndcc	N.D.C.C. § 65-12-13	1	0	10658
ndcc	N.D.C.C. § 65-12-03	1	0	10658
ndcc	N.D.C.C. § 65-12-06	1	0	10658
ndcc	N.D.C.C. § 65-12-11	1	0	10658
ndcc	N.D.C.C. § 25-3.1-02	1	0	10611
ndcc	N.D.C.C. § 14-09-9.7	1	0	10600
ndcc	N.D.C.C. ch. 21-49	1	0	10587
ndcc	N.D.C.C. § 21-49-11	1	0	10587
ndcc	N.D.C.C. § 57-08-14	1	0	10618
ndcc	N.D.C.C. § 12-55-04	1	0	10573
ndcc	N.D.C.C. § 12-55-19	1	0	10573
ndcc	N.D.C.C. § 48-02-03	1	0	10562
ndcc	N.D.C.C. § 48-02-04	1	0	10562
ndcc	N.D.C.C. § 48-02-06	1	0	10562
ndcc	N.D.C.C. § 65-13-08	1	0	10492
ndcc	N.D.C.C. § 65-13-06	1	0	10492
ndcc	N.D.C.C. § 65-05.1-04.3	1	0	10476
ndcc	N.D.C.C. § 32-03-23.1	1	0	10460
ndcc	N.D.C.C. § 15-34.1-04	1	0	10442
ndcc	N.D.C.C. § 15-22-17	1	0	10378
ndcc	N.D.C.C. § 15-38-18	1	0	10378
ndcc	N.D.C.C. § 39-16.1-21.3	1	0	10333
ndcc	N.D.C.C. § 30-06-42	1	0	10333
ndcc	N.D.C.C. § 60-02-30	1	0	10331
ndcc	N.D.C.C. § 60-02-31	1	0	10331
ndcc	N.D.C.C. § 41-19-41	1	0	10298
ndcc	N.D.C.C. § 26-02-34	1	0	10281
ndcc	N.D.C.C. § 26-02-38	1	0	10281
ndcc	N.D.C.C. § 32-03.2-04.1	1	0	10245
ndcc	N.D.C.C. § 32-03.2-05.2	1	0	10245
ndcc	N.D.C.C. § 57-27-04	1	0	10263
ndcc	N.D.C.C. § 10-19-16	1	0	10206
ndcc	N.D.C.C. ch. 12-06	1	0	10215
ndcc	N.D.C.C. § 15-34.2-07.1	1	0	10192
ndcc	N.D.C.C. § 12.1-2-02	1	0	10159
ndcc	N.D.C.C. § 33-06-01.2	1	0	10136
ndcc	N.D.C.C. § 47-09-02.3	1	0	10136
ndcc	N.D.C.C. § 15-40.1-09	1	0	10160
ndcc	N.D.C.C. § 15-40.1-08	1	0	10160
ndcc	N.D.C.C. § 15-38-04.1	1	0	10160
ndcc	N.D.C.C. § 32-03.12-04	1	0	10197
ndcc	N.D.C.C. § 47-06-05.5	1	0	10125
ndcc	N.D.C.C. § 47-06-07.18	1	0	10125
ndcc	N.D.C.C. § 47-06-07.19	1	0	10125
ndcc	N.D.C.C. § 30.1-31-13.5	1	0	10111
ndcc	N.D.C.C. § 50-18-03	1	0	10083
ndcc	N.D.C.C. § 29-32-21.1	1	0	10083
ndcc	N.D.C.C. § 50-18-06	1	0	10083
ndcc	N.D.C.C. § 45-08-04	1	0	10093
ndcc	N.D.C.C. § 10-21-12	1	0	10035
ndcc	N.D.C.C. § 10-21-11	1	0	10035
ndcc	N.D.C.C. ch. 57-33.11	1	0	10049
ndcc	N.D.C.C. § 26-1.42-02	1	0	10009
ndcc	N.D.C.C. § 26.1-42-01	1	0	10009
ndcc	N.D.C.C. ch. 14-21.1	1	0	10001
ndcc	N.D.C.C. ch. 14-02.04	1	0	9995
ndcc	N.D.C.C. § 21-01-41	1	0	9973
ndcc	N.D.C.C. § 4-12.2-22	1	0	9946
ndcc	N.D.C.C. § 40-09-50	1	0	9953
ndcc	N.D.C.C. § 38-32-19	1	0	9902
ndcc	N.D.C.C. ch. 39-2.0	1	0	9884
ndcc	N.D.C.C. § 29-20-05	1	0	9884
ndcc	N.D.C.C. § 57-39.201-7	1	0	9883
ndcc	N.D.C.C. § 48-02-17	1	0	9876
ndcc	N.D.C.C. § 5.9-01-06	1	0	9888
ndcc	N.D.C.C. § 12-58-13	1	0	9869
ndcc	N.D.C.C. § 14-06-01	1	0	9856
ndcc	N.D.C.C. § 10-23-17	1	0	9843
ndcc	N.D.C.C. § 10-06-07.1	1	0	9843
ndcc	N.D.C.C. § 15-27.3-10	1	0	9849
ndcc	N.D.C.C. § 30-21-32	1	0	9848
ndcc	N.D.C.C. ch. 26-41.1	1	0	9778
ndcc	N.D.C.C. § 43-12.108-6	1	0	9797
ndcc	N.D.C.C. § 43-12.1-0.1	1	0	9797
ndcc	N.D.C.C. ch. 4-35	1	0	9779
ndcc	N.D.C.C. ch. 59.5-03	1	0	9752
ndcc	N.D.C.C. § 50-6.3-03	1	0	9736
ndcc	N.D.C.C. § 36-05-12	1	0	9737
ndcc	N.D.C.C. § 35-05-12	1	0	9737
ndcc	N.D.C.C. ch. 41-06	1	0	9737
ndcc	N.D.C.C. ch. 36-05	1	0	9737
ndcc	N.D.C.C. § 12.1-17-05.4	1	0	9691
ndcc	N.D.C.C. § 61-84-06	1	0	9699
ndcc	N.D.C.C. § 31-10-64	1	0	9699
ndcc	N.D.C.C. § 28-19-02	1	0	9705
ndcc	N.D.C.C. § 9-10-07.3	1	0	9658
ndcc	N.D.C.C. § 3.2-19-07	1	0	9669
ndcc	N.D.C.C. § 57-39.204-1	1	0	9627
ndcc	N.D.C.C. § 59-03-03	1	0	9634
ndcc	N.D.C.C. § 4-12.2-01	1	0	9619
ndcc	N.D.C.C. § 61-21-04	1	0	9617
ndcc	N.D.C.C. ch. 15-2	1	0	9613
ndcc	N.D.C.C. ch. 45-06	1	0	9630
ndcc	N.D.C.C. § 15-40.2-05	1	0	9572
ndcc	N.D.C.C. ch. 57-4	1	0	9572
ndcc	N.D.C.C. ch. 15-40.2	1	0	9572
ndcc	N.D.C.C. § 15-40.2-06	1	0	9572
ndcc	N.D.C.C. § 41-06-08	1	0	9587
ndcc	N.D.C.C. § 65-91-09	1	0	9556
ndcc	N.D.C.C. § 28-27-62	1	0	9524
ndcc	N.D.C.C. § 12.1-08-01.1	1	0	9554
ndcc	N.D.C.C. § 12.1-0.8-02	1	0	9554
ndcc	N.D.C.C. ch. 23-05	1	0	9553
ndcc	N.D.C.C. § 4-12.2-09	1	0	9518
ndcc	N.D.C.C. § 14-12.1-04	1	0	9533
ndcc	N.D.C.C. § 48-02-15	1	0	9508
ndcc	N.D.C.C. § 62-01-04	1	0	9490
ndcc	N.D.C.C. § 39-08-61	1	0	9486
ndcc	N.D.C.C. § 11-17-04	1	0	9393
ndcc	N.D.C.C. ch. 26-02	1	0	9413
ndcc	N.D.C.C. § 26-02-15	1	0	9413
ndcc	N.D.C.C. § 26-02-29	1	0	9413
ndcc	N.D.C.C. § 39-20-05.3	1	0	9399
ndcc	N.D.C.C. ch. 69-03	1	0	9378
ndcc	N.D.C.C. § 12-33-02	1	0	9369
ndcc	N.D.C.C. ch. 91-1	1	0	9369
ndcc	N.D.C.C. § 27-07-02	1	0	9354
ndcc	N.D.C.C. § 14-14-18	1	0	9359
ndcc	N.D.C.C. § 14-14-19	1	0	9359
ndcc	N.D.C.C. § 14-14-20	1	0	9359
ndcc	N.D.C.C. § 32-2-08	1	0	9340
ndcc	N.D.C.C. § 12.106-04-5	1	0	9315
ndcc	N.D.C.C. ch. 96-19	1	0	9333
ndcc	N.D.C.C. § 28-06-11	1	0	9333
ndcc	N.D.C.C. § 90-7-11	1	0	9331
ndcc	N.D.C.C. ch. 12-03	1	0	9335
ndcc	N.D.C.C. § 60-02-11	1	0	9347
ndcc	N.D.C.C. § 47-14-05.6	1	0	9346
ndcc	N.D.C.C. § 39-06.111-2	1	0	9269
ndcc	N.D.C.C. § 10-25-06	1	0	9262
ndcc	N.D.C.C. § 59-20-07	1	0	9261
ndcc	N.D.C.C. § 19.1-03.1-01	1	0	9232
ndcc	N.D.C.C. § 51-19-04.3	1	0	9197
ndcc	N.D.C.C. § 30.1-13-0.71	1	0	9171
ndcc	N.D.C.C. § 40-50-23	1	0	9170
ndcc	N.D.C.C. § 40-50-24	1	0	9170
ndcc	N.D.C.C. ch. 61-24.4	1	0	9202
ndcc	N.D.C.C. § 29-28-7	1	0	9182
ndcc	N.D.C.C. § 35-07-01	1	0	9195
ndcc	N.D.C.C. § 35-09-01	1	0	9195
ndcc	N.D.C.C. § 35-11-02	1	0	9195
ndcc	N.D.C.C. § 35-08-01	1	0	9195
ndcc	N.D.C.C. ch. 57-35	1	0	9138
ndcc	N.D.C.C. ch. 57-35.2	1	0	9138
ndcc	N.D.C.C. § 57-35-12	1	0	9138
ndcc	N.D.C.C. § 57-35.2-04	1	0	9138
ndcc	N.D.C.C. ch. 57-58	1	0	9138
ndcc	N.D.C.C. § 57-58-01	1	0	9138
ndcc	N.D.C.C. § 19-03.123-3	1	0	9126
ndcc	N.D.C.C. ch. 21-18	1	0	9124
ndcc	N.D.C.C. § 51-02-04	1	0	9158
ndcc	N.D.C.C. § 12.120-03-1	1	0	9148
ndcc	N.D.C.C. § 28-01.106-2	1	0	9097
ndcc	N.D.C.C. § 28-29-05.1	1	0	9090
ndcc	N.D.C.C. § 2-8-27	1	0	9090
ndcc	N.D.C.C. ch. 70-02	1	0	9101
ndcc	N.D.C.C. ch. 26-15	1	0	9099
ndcc	N.D.C.C. ch. 77-18	1	0	9099
ndcc	N.D.C.C. ch. 28-17	1	0	9098
ndcc	N.D.C.C. § 27-07.1-05	1	0	9098
ndcc	N.D.C.C. § 59-02-12	1	0	9033
ndcc	N.D.C.C. § 41-03-76	1	0	9024
ndcc	N.D.C.C. ch. 27-06	1	0	9017
ndcc	N.D.C.C. § 42-04-02.2	1	0	8951
ndcc	N.D.C.C. § 15-47-35	1	0	8907
ndcc	N.D.C.C. § 10-19-10	1	0	8906
ndcc	N.D.C.C. § 15-53.1-42	1	0	8890
ndcc	N.D.C.C. § 15-53.1-32	1	0	8890
ndcc	N.D.C.C. § 25-3.1-27	1	0	8867
ndcc	N.D.C.C. § 25-3.1-17	1	0	8867
ndcc	N.D.C.C. § 29-11-45	1	0	8886
ndcc	N.D.C.C. § 29-01-07.2	1	0	8886
ndcc	N.D.C.C. ch. 75-18	1	0	8847
ndcc	N.D.C.C. § 61-21-15	1	0	8847
ndcc	N.D.C.C. § 61-21-42	1	0	8847
ndcc	N.D.C.C. § 54-42-01	1	0	8846
ndcc	N.D.C.C. § 54-44.3-1.2	1	0	8846
ndcc	N.D.C.C. ch. 4-02	1	0	8846
ndcc	N.D.C.C. § 61-21-33	1	0	8851
ndcc	N.D.C.C. § 61-21-34	1	0	8851
ndcc	N.D.C.C. § 61-21-64	1	0	8851
ndcc	N.D.C.C. § 32-03-07.5	1	0	8850
ndcc	N.D.C.C. § 54-23-01	1	0	8835
ndcc	N.D.C.C. § 20-10-01	1	0	8834
ndcc	N.D.C.C. § 32-29.1-01.1	1	0	8826
ndcc	N.D.C.C. § 27-19-01.7	1	0	8802
ndcc	N.D.C.C. § 10-19-22	1	0	8802
ndcc	N.D.C.C. § 10-19-49	1	0	8802
ndcc	N.D.C.C. § 10-19-09	1	0	8802
ndcc	N.D.C.C. § 10-19-11	1	0	8802
ndcc	N.D.C.C. § 12.1-23-0	1	0	8788
ndcc	N.D.C.C. § 15-36-15	1	0	8781
ndcc	N.D.C.C. § 15-2-6	1	0	8746
ndcc	N.D.C.C. § 15-53.1-19	1	0	8771
ndcc	N.D.C.C. § 15-53.1-18	1	0	8771
ndcc	N.D.C.C. § 15-53.1-05.1	1	0	8771
ndcc	N.D.C.C. § 15-47-21	1	0	8771
ndcc	N.D.C.C. § 15-14.1-01	1	0	8729
ndcc	N.D.C.C. § 27-20-19	1	0	8730
ndcc	N.D.C.C. § 8-2-1	1	0	8750
ndcc	N.D.C.C. § 4-12-03	1	0	8725
ndcc	N.D.C.C. § 4-12-20	1	0	8725
ndcc	N.D.C.C. § 26-41-16	1	0	8703
ndcc	N.D.C.C. § 50-40.1-08	1	0	8703
ndcc	N.D.C.C. § 19-03.101-15	1	0	8713
ndcc	N.D.C.C. § 12-53-20	1	0	8652
ndcc	N.D.C.C. § 29-01-01.1	1	0	8652
ndcc	N.D.C.C. ch. 18-2.3	1	0	8652
ndcc	N.D.C.C. § 59-06.1-10	1	0	8651
ndcc	N.D.C.C. § 19-13.1-07	1	0	8682
ndcc	N.D.C.C. § 19-03-1	1	0	8682
ndcc	N.D.C.C. § 32-09-18	1	0	8641
ndcc	N.D.C.C. § 32-09-20	1	0	8641
ndcc	N.D.C.C. § 56-06-12	1	0	8645
ndcc	N.D.C.C. § 12.1-05-10.3	1	0	8656
ndcc	N.D.C.C. § 29-21-11.19	1	0	8656
ndcc	N.D.C.C. § 11-19-03	1	0	8656
ndcc	N.D.C.C. § 40-50-25	1	0	8610
ndcc	N.D.C.C. § 27-20-17	1	0	8620
ndcc	N.D.C.C. § 19-03.1-3.2	1	0	8611
ndcc	N.D.C.C. § 29-06-1	1	0	8593
ndcc	N.D.C.C. § 61-21-11	1	0	8558
ndcc	N.D.C.C. § 50-22-01.2	1	0	8575
ndcc	N.D.C.C. § 26-03-49	1	0	8542
ndcc	N.D.C.C. § 26-03-41	1	0	8542
ndcc	N.D.C.C. § 26-05-08	1	0	8542
ndcc	N.D.C.C. § 15-53.1-10	1	0	8504
ndcc	N.D.C.C. § 15-53.1-17	1	0	8504
ndcc	N.D.C.C. § 15-53.1-14	1	0	8504
ndcc	N.D.C.C. § 45-08-01	1	0	8497
ndcc	N.D.C.C. § 28-17-02	1	0	8507
ndcc	N.D.C.C. § 57-23.1-03	1	0	8456
ndcc	N.D.C.C. § 12.1-08-05.1	1	0	8467
ndcc	N.D.C.C. ch. 43-02.1	1	0	8416
ndcc	N.D.C.C. § 43-02.1-02	1	0	8416
ndcc	N.D.C.C. § 43-02.1-08	1	0	8416
ndcc	N.D.C.C. § 51-19-09.7	1	0	8412
ndcc	N.D.C.C. § 51-19-13.8	1	0	8412
ndcc	N.D.C.C. § 51-19-03.9	1	0	8412
ndcc	N.D.C.C. § 51-19-12.10	1	0	8412
ndcc	N.D.C.C. § 51-19-12.12	1	0	8412
ndcc	N.D.C.C. § 59-19-12	1	0	8412
ndcc	N.D.C.C. § 15-47-10	1	0	8436
ndcc	N.D.C.C. § 16-20-24	1	0	8436
ndcc	N.D.C.C. § 16-20-04	1	0	8436
ndcc	N.D.C.C. § 16-08-01	1	0	8436
ndcc	N.D.C.C. ch. 16-05	1	0	8436
ndcc	N.D.C.C. § 57-23.2-02	1	0	8425
ndcc	N.D.C.C. § 57-23.1-01	1	0	8425
ndcc	N.D.C.C. § 14-47-38	1	0	8367
ndcc	N.D.C.C. § 14-17-22	1	0	8370
ndcc	N.D.C.C. § 26-06-09	1	0	8348
ndcc	N.D.C.C. § 27-20-09.3	1	0	8347
ndcc	N.D.C.C. § 27-20-09	1	0	8347
ndcc	N.D.C.C. § 57-38-1.2	1	0	8327
ndcc	N.D.C.C. § 57-8-01.2	1	0	8327
ndcc	N.D.C.C. § 57-33-04	1	0	8323
ndcc	N.D.C.C. ch. 57-33.1	1	0	8323
ndcc	N.D.C.C. § 57-33.1-02	1	0	8323
ndcc	N.D.C.C. ch. 32-39.1	1	0	8266
ndcc	N.D.C.C. § 39-26-04	1	0	8279
ndcc	N.D.C.C. § 50-09-14.5	1	0	8283
ndcc	N.D.C.C. § 56-04-23	1	0	8259
ndcc	N.D.C.C. § 30-26-08	1	0	8259
ndcc	N.D.C.C. § 20-3-16	1	0	8281
ndcc	N.D.C.C. § 21-1-4	1	0	8281
ndcc	N.D.C.C. § 12-41-10.7	1	0	8254
ndcc	N.D.C.C. § 12-12.1-05	1	0	8254
ndcc	N.D.C.C. § 12-44-04	1	0	8252
ndcc	N.D.C.C. § 12-44-16	1	0	8252
ndcc	N.D.C.C. ch. 12-54	1	0	8234
ndcc	N.D.C.C. § 13-46-6	1	0	8256
ndcc	N.D.C.C. § 1-26-36	1	0	8256
ndcc	N.D.C.C. § 27-20-51	1	0	8251
ndcc	N.D.C.C. § 27-28-02	1	0	8250
ndcc	N.D.C.C. § 15-34.1-02	1	0	8231
ndcc	N.D.C.C. § 49-18-26	1	0	8230
ndcc	N.D.C.C. § 45-09-03	1	0	8191
ndcc	N.D.C.C. § 45-09-01	1	0	8191
ndcc	N.D.C.C. § 45-09-08	1	0	8191
ndcc	N.D.C.C. § 30-21-09.2	1	0	8200
ndcc	N.D.C.C. § 41-09-46.2	1	0	8165
ndcc	N.D.C.C. § 10-19-48	1	0	8157
ndcc	N.D.C.C. § 32-29.1-03	1	0	8142
ndcc	N.D.C.C. § 26-03.1-04	1	0	8125
ndcc	N.D.C.C. § 56-02-11	1	0	8138
ndcc	N.D.C.C. § 16-01-11.1	1	0	8132
ndcc	N.D.C.C. ch. 54-27.1	1	0	8113
ndcc	N.D.C.C. § 29-15-2	1	0	8111
ndcc	N.D.C.C. § 26-41-05	1	0	8092
ndcc	N.D.C.C. ch. 26-03	1	0	8104
ndcc	N.D.C.C. § 26-41-09	1	0	8097
ndcc	N.D.C.C. § 26-01-16	1	0	8117
ndcc	N.D.C.C. ch. 26-07	1	0	8117
ndcc	N.D.C.C. ch. 26-09	1	0	8117
ndcc	N.D.C.C. § 26-07-10	1	0	8117
ndcc	N.D.C.C. § 26-07-11	1	0	8117
ndcc	N.D.C.C. § 26-05-03	1	0	8117
ndcc	N.D.C.C. § 26-07-15	1	0	8117
ndcc	N.D.C.C. ch. 26-20	1	0	8117
ndcc	N.D.C.C. § 26-07-04	1	0	8117
ndcc	N.D.C.C. § 26-08-11	1	0	8117
ndcc	N.D.C.C. § 26-08-12	1	0	8117
ndcc	N.D.C.C. § 26-08-13	1	0	8117
ndcc	N.D.C.C. § 26-10.1-01	1	0	8117
ndcc	N.D.C.C. § 26-12-27	1	0	8117
ndcc	N.D.C.C. § 15-25-07	1	0	8109
ndcc	N.D.C.C. ch. 25-09	1	0	8076
ndcc	N.D.C.C. § 25-09-05	1	0	8076
ndcc	N.D.C.C. § 25-09-06	1	0	8076
ndcc	N.D.C.C. § 59-03-06	1	0	8073
ndcc	N.D.C.C. § 59-03-02	1	0	8073
ndcc	N.D.C.C. § 59-04-15	1	0	8073
ndcc	N.D.C.C. § 27-08-42	1	0	8071
ndcc	N.D.C.C. ch. 14-0	1	0	8061
ndcc	N.D.C.C. § 12-27-08	1	0	8065
ndcc	N.D.C.C. § 60-03-04	1	0	8055
ndcc	N.D.C.C. § 15-4-7	1	0	8101
ndcc	N.D.C.C. § 49-18-08	1	0	8083
ndcc	N.D.C.C. § 49-18-02	1	0	8083
ndcc	N.D.C.C. § 16-20-01.1	1	0	8020
ndcc	N.D.C.C. ch. 38-1	1	0	8019
ndcc	N.D.C.C. ch. 4-30	1	0	8003
ndcc	N.D.C.C. § 4-30-03	1	0	8003
ndcc	N.D.C.C. § 4-30-07	1	0	8003
ndcc	N.D.C.C. § 4-30-09	1	0	8003
ndcc	N.D.C.C. § 4-30-06	1	0	8003
ndcc	N.D.C.C. § 4-30-02	1	0	8003
ndcc	N.D.C.C. § 4-30-04	1	0	8003
ndcc	N.D.C.C. § 26-28-18	1	0	8008
ndcc	N.D.C.C. § 26-28-01	1	0	8008
ndcc	N.D.C.C. § 26-28-04	1	0	8008
ndcc	N.D.C.C. § 26-28-05	1	0	8008
ndcc	N.D.C.C. § 15-38.1-11.1	1	0	7984
ndcc	N.D.C.C. ch. 15-59.1	1	0	7984
ndcc	N.D.C.C. ch. 45-02	1	0	7968
ndcc	N.D.C.C. ch. 51-01.1	1	0	7976
ndcc	N.D.C.C. § 12-30-11	1	0	7972
ndcc	N.D.C.C. § 28-04-3.1	1	0	7942
ndcc	N.D.C.C. § 16-11-16	1	0	7959
ndcc	N.D.C.C. § 16-10-17	1	0	7959
ndcc	N.D.C.C. § 11-16-01.7	1	0	7932
ndcc	N.D.C.C. § 27-14-02.7	1	0	7932
ndcc	N.D.C.C. ch. 21-28	1	0	7919
ndcc	N.D.C.C. § 14-14-23	1	0	7925
ndcc	N.D.C.C. § 38-14-03	1	0	7886
ndcc	N.D.C.C. ch. 38-14	1	0	7886
ndcc	N.D.C.C. § 40-58-15.11	1	0	7897
ndcc	N.D.C.C. § 19-18-04	1	0	7882
ndcc	N.D.C.C. § 4-35-12	1	0	7882
ndcc	N.D.C.C. § 26-40.1-02	1	0	7909
ndcc	N.D.C.C. § 26-40.1-03	1	0	7909
ndcc	N.D.C.C. § 26-40.1-04	1	0	7909
ndcc	N.D.C.C. § 26-40.1-05	1	0	7909
ndcc	N.D.C.C. § 26-40.1-06	1	0	7909
ndcc	N.D.C.C. § 26-40.1-07	1	0	7909
ndcc	N.D.C.C. § 26-40.1-08	1	0	7909
ndcc	N.D.C.C. § 26-40.1-09	1	0	7909
ndcc	N.D.C.C. § 26-40.1-10	1	0	7909
ndcc	N.D.C.C. § 26-40.1-11	1	0	7909
ndcc	N.D.C.C. § 26-40.1-12	1	0	7909
ndcc	N.D.C.C. § 26-40.1-13	1	0	7909
ndcc	N.D.C.C. § 26-40.1-14	1	0	7909
ndcc	N.D.C.C. § 26-40.1-15	1	0	7909
ndcc	N.D.C.C. § 26-40.1-16	1	0	7909
ndcc	N.D.C.C. § 26-40.1-17	1	0	7909
ndcc	N.D.C.C. § 26-40.1-18	1	0	7909
ndcc	N.D.C.C. § 32-36-21	1	0	7890
ndcc	N.D.C.C. § 23-4-2	1	0	7881
ndcc	N.D.C.C. § 49-13-22	1	0	7829
ndcc	N.D.C.C. § 15-53.1-27	1	0	7810
ndcc	N.D.C.C. ch. 57-52	1	0	7790
ndcc	N.D.C.C. ch. 57-53	1	0	7790
ndcc	N.D.C.C. ch. 57-54	1	0	7790
ndcc	N.D.C.C. § 57-50-05.1	1	0	7790
ndcc	N.D.C.C. § 57-52-04	1	0	7790
ndcc	N.D.C.C. § 57-54-03	1	0	7790
ndcc	N.D.C.C. ch. 1-19	1	0	7775
ndcc	N.D.C.C. § 58-38-01.1	1	0	7743
ndcc	N.D.C.C. § 12-1-22	1	0	7721
ndcc	N.D.C.C. § 12-44-29	1	0	7757
ndcc	N.D.C.C. § 12-44-33	1	0	7711
ndcc	N.D.C.C. § 13-02-06	1	0	7705
ndcc	N.D.C.C. § 32-36-01	1	0	7714
ndcc	N.D.C.C. ch. 55-18	1	0	7691
ndcc	N.D.C.C. § 15-34.2-16	1	0	7678
ndcc	N.D.C.C. § 15-40.1-16	1	0	7678
ndcc	N.D.C.C. § 15-34-03	1	0	7678
ndcc	N.D.C.C. § 15-34-07	1	0	7678
ndcc	N.D.C.C. § 15-34-24	1	0	7678
ndcc	N.D.C.C. § 39-17-05	1	0	7662
ndcc	N.D.C.C. § 26-02-16	1	0	7679
ndcc	N.D.C.C. § 23.1-23-02	1	0	7652
ndcc	N.D.C.C. § 12-55-3	1	0	7633
ndcc	N.D.C.C. § 15-40.1-04	1	0	7625
ndcc	N.D.C.C. § 26-10-08	1	0	7616
ndcc	N.D.C.C. § 26-02-03	1	0	7616
ndcc	N.D.C.C. § 26-02-19	1	0	7616
ndcc	N.D.C.C. § 26-02-21	1	0	7616
ndcc	N.D.C.C. § 65-13-09	1	0	7597
ndcc	N.D.C.C. § 65-13-04	1	0	7597
ndcc	N.D.C.C. § 65-13-03	1	0	7597
ndcc	N.D.C.C. § 65-13-02	1	0	7597
ndcc	N.D.C.C. § 16-13-16	1	0	7614
ndcc	N.D.C.C. § 16-13-36	1	0	7614
ndcc	N.D.C.C. ch. 16-13	1	0	7614
ndcc	N.D.C.C. § 16-13-48	1	0	7614
ndcc	N.D.C.C. § 16-13-27	1	0	7614
ndcc	N.D.C.C. § 16-13-13	1	0	7614
ndcc	N.D.C.C. § 16-13-38	1	0	7614
ndcc	N.D.C.C. ch. 23-02	1	0	7583
ndcc	N.D.C.C. § 12-05-04	1	0	7576
ndcc	N.D.C.C. § 59-01-13	1	0	7557
ndcc	N.D.C.C. § 59-01-14	1	0	7557
ndcc	N.D.C.C. § 59-02-05	1	0	7557
ndcc	N.D.C.C. ch. 3-59	1	0	7557
ndcc	N.D.C.C. § 9-17-10	1	0	7539
ndcc	N.D.C.C. § 39-15-02	1	0	7536
ndcc	N.D.C.C. ch. 10-18	1	0	7535
ndcc	N.D.C.C. § 15-38-01	1	0	7515
ndcc	N.D.C.C. § 6-07-33	1	0	7503
ndcc	N.D.C.C. § 57-37-21	1	0	7477
ndcc	N.D.C.C. § 57-37-22	1	0	7477
ndcc	N.D.C.C. ch. 3-9	1	0	7479
ndcc	N.D.C.C. § 15-7-2	1	0	7456
ndcc	N.D.C.C. § 15-49-02	1	0	7445
ndcc	N.D.C.C. § 15-41-27	1	0	7439
ndcc	N.D.C.C. § 15-38.1-07	1	0	7439
ndcc	N.D.C.C. § 47-10-24.7	1	0	7441
ndcc	N.D.C.C. ch. 30-17	1	0	7425
ndcc	N.D.C.C. ch. 56-01	1	0	7425
ndcc	N.D.C.C. § 30-17-02	1	0	7425
ndcc	N.D.C.C. § 25-03-21	1	0	7396
ndcc	N.D.C.C. § 29-2.1-06	1	0	7416
ndcc	N.D.C.C. § 12-26-01	1	0	7363
ndcc	N.D.C.C. § 15-60-04	1	0	7359
ndcc	N.D.C.C. ch. 15-60	1	0	7359
ndcc	N.D.C.C. ch. 15-48	1	0	7359
ndcc	N.D.C.C. § 15-53-32	1	0	7359
ndcc	N.D.C.C. § 15-60-01	1	0	7359
ndcc	N.D.C.C. § 15-21-17	1	0	7359
ndcc	N.D.C.C. § 15-48-04	1	0	7359
ndcc	N.D.C.C. § 15-60-03	1	0	7359
ndcc	N.D.C.C. § 39-17-03.1	1	0	7367
ndcc	N.D.C.C. § 39-17-01	1	0	7367
ndcc	N.D.C.C. § 57-16-06	1	0	7375
ndcc	N.D.C.C. § 60-02-18	1	0	7346
ndcc	N.D.C.C. § 12-26-10	1	0	7340
ndcc	N.D.C.C. § 26-17-01.12	1	0	7325
ndcc	N.D.C.C. § 26-17-01.13	1	0	7325
ndcc	N.D.C.C. § 26-17-05	1	0	7325
ndcc	N.D.C.C. ch. 50-18	1	0	7306
ndcc	N.D.C.C. § 30-21.1-03	1	0	7291
ndcc	N.D.C.C. ch. 30-21.1	1	0	7291
ndcc	N.D.C.C. ch. 37-25	1	0	7284
ndcc	N.D.C.C. § 37-25-02	1	0	7284
ndcc	N.D.C.C. § 37-25-01	1	0	7284
ndcc	N.D.C.C. § 37-25-08	1	0	7284
ndcc	N.D.C.C. § 37-25-03	1	0	7284
ndcc	N.D.C.C. § 37-25-04	1	0	7284
ndcc	N.D.C.C. § 35-02-04	1	0	7323
ndcc	N.D.C.C. § 11-17-01	1	0	7316
ndcc	N.D.C.C. § 50-24-15	1	0	7316
ndcc	N.D.C.C. § 12-16-09	1	0	7317
ndcc	N.D.C.C. ch. 15-59	1	0	7275
ndcc	N.D.C.C. § 15-59-07	1	0	7275
ndcc	N.D.C.C. § 45-09-13	1	0	7251
ndcc	N.D.C.C. § 30-13-18	1	0	7247
ndcc	N.D.C.C. § 12-01-03	1	0	7240
ndcc	N.D.C.C. § 23-17.2-04	1	0	7229
ndcc	N.D.C.C. § 23-17.2-01	1	0	7229
ndcc	N.D.C.C. § 12-27-19	1	0	7227
ndcc	N.D.C.C. § 12-30-03	1	0	7215
ndcc	N.D.C.C. § 15-34.2-10	1	0	7213
ndcc	N.D.C.C. § 24-14-04	1	0	7211
ndcc	N.D.C.C. § 24-14-12	1	0	7211
ndcc	N.D.C.C. § 29-14-13	1	0	7211
ndcc	N.D.C.C. § 16-18-05	1	0	7199
ndcc	N.D.C.C. § 16-12-10	1	0	7199
ndcc	N.D.C.C. § 30-06-03	1	0	7196
ndcc	N.D.C.C. § 30-13-17	1	0	7193
ndcc	N.D.C.C. § 30-15-01	1	0	7193
ndcc	N.D.C.C. § 56-05-08	1	0	7236
ndcc	N.D.C.C. § 30-26-10	1	0	7235
ndcc	N.D.C.C. § 29-20-04	1	0	7156
ndcc	N.D.C.C. § 12-53-17	1	0	7174
ndcc	N.D.C.C. § 12-53-16	1	0	7174
ndcc	N.D.C.C. § 27-18-01	1	0	7163
ndcc	N.D.C.C. § 27-18-02	1	0	7163
ndcc	N.D.C.C. § 27-18-06	1	0	7163
ndcc	N.D.C.C. ch. 19-03.11	1	0	7146
ndcc	N.D.C.C. § 19-03-28	1	0	7146
ndcc	N.D.C.C. § 32-29-09	1	0	7155
ndcc	N.D.C.C. § 32-29-11	1	0	7155
ndcc	N.D.C.C. § 32-29-13	1	0	7155
ndcc	N.D.C.C. § 32-29-14	1	0	7155
ndcc	N.D.C.C. § 15-29-02	1	0	7153
ndcc	N.D.C.C. § 16-15-03	1	0	7138
ndcc	N.D.C.C. ch. 16-04	1	0	7138
ndcc	N.D.C.C. § 16-04-30	1	0	7138
ndcc	N.D.C.C. § 16-04-31	1	0	7138
ndcc	N.D.C.C. § 16-04-33	1	0	7138
ndcc	N.D.C.C. § 16-06-01	1	0	7138
ndcc	N.D.C.C. § 16-04-32	1	0	7138
ndcc	N.D.C.C. § 16-18-06	1	0	7138
ndcc	N.D.C.C. § 16-18-01	1	0	7138
ndcc	N.D.C.C. § 16-04-03	1	0	7138
ndcc	N.D.C.C. § 48-02-07	1	0	7127
ndcc	N.D.C.C. § 48-02-13	1	0	7127
ndcc	N.D.C.C. § 48-01-02	1	0	7127
ndcc	N.D.C.C. § 20-01-02	1	0	7114
ndcc	N.D.C.C. § 35-12-06	1	0	7084
ndcc	N.D.C.C. § 53-9-4	1	0	7121
ndcc	N.D.C.C. § 53-9-5	1	0	7121
ndcc	N.D.C.C. § 45-05-06	1	0	7102
ndcc	N.D.C.C. § 26-03-30	1	0	7115
ndcc	N.D.C.C. § 29-24-11	1	0	7068
ndcc	N.D.C.C. § 12-27-12	1	0	7073
ndcc	N.D.C.C. § 12-30-04	1	0	7073
ndcc	N.D.C.C. § 12-27-28	1	0	7073
ndcc	N.D.C.C. ch. 14-12	1	0	7053
ndcc	N.D.C.C. § 14-12.1-20	1	0	7053
ndcc	N.D.C.C. § 14-12.1-23	1	0	7053
ndcc	N.D.C.C. § 12-41-14	1	0	7056
ndcc	N.D.C.C. ch. 39-14	1	0	7008
ndcc	N.D.C.C. § 10-19-05	1	0	7007
ndcc	N.D.C.C. § 26-09-15	1	0	7027
ndcc	N.D.C.C. § 26-09-07	1	0	7027
ndcc	N.D.C.C. ch. 26-12	1	0	7027
ndcc	N.D.C.C. § 26-12-49	1	0	7027
ndcc	N.D.C.C. § 40-51.1-01	1	0	7030
ndcc	N.D.C.C. § 26-02-14	1	0	7003
ndcc	N.D.C.C. § 50-25-01	1	0	6997
ndcc	N.D.C.C. § 27-20-10	1	0	6997
ndcc	N.D.C.C. § 50-25-05	1	0	6997
ndcc	N.D.C.C. § 10-19-54	1	0	7016
ndcc	N.D.C.C. § 10-23-12	1	0	7016
ndcc	N.D.C.C. § 10-06-02	1	0	7016
ndcc	N.D.C.C. § 10-06-05	1	0	7016
ndcc	N.D.C.C. ch. 12-26	1	0	7001
ndcc	N.D.C.C. § 10-18-07	1	0	6972
ndcc	N.D.C.C. § 10-19-47	1	0	6965
ndcc	N.D.C.C. § 27-20-42	1	0	6967
ndcc	N.D.C.C. § 12-38-04	1	0	7029
ndcc	N.D.C.C. § 12-36-10	1	0	7029
ndcc	N.D.C.C. § 14-11-10	1	0	6956
ndcc	N.D.C.C. § 15-53-19	1	0	6949
ndcc	N.D.C.C. § 15-53-33	1	0	6949
ndcc	N.D.C.C. § 15-53-01	1	0	6949
ndcc	N.D.C.C. ch. 32.04-2	1	0	6934
ndcc	N.D.C.C. ch. 4-13	1	0	6955
ndcc	N.D.C.C. § 4-13-10	1	0	6955
ndcc	N.D.C.C. § 4-13-03	1	0	6955
ndcc	N.D.C.C. § 20-9-2	1	0	6918
ndcc	N.D.C.C. § 56-04-01	1	0	6924
ndcc	N.D.C.C. § 56-04-03	1	0	6924
ndcc	N.D.C.C. ch. 28-06.1	1	0	6938
ndcc	N.D.C.C. § 29-10-25	1	0	6912
ndcc	N.D.C.C. § 29-09-09	1	0	6912
ndcc	N.D.C.C. § 29-10-18	1	0	6912
ndcc	N.D.C.C. § 29-10-19	1	0	6912
ndcc	N.D.C.C. ch. 14-12.11	1	0	6908
ndcc	N.D.C.C. § 10-20-08	1	0	6925
ndcc	N.D.C.C. § 10-19-30	1	0	6925
ndcc	N.D.C.C. § 10-19-33	1	0	6925
ndcc	N.D.C.C. ch. 76-15	1	0	6925
ndcc	N.D.C.C. § 26-02-35	1	0	6916
ndcc	N.D.C.C. § 35-23-13	1	0	6911
ndcc	N.D.C.C. § 15-27-04	1	0	6917
ndcc	N.D.C.C. § 15-27-07	1	0	6917
ndcc	N.D.C.C. § 15-47-19	1	0	6917
ndcc	N.D.C.C. § 15-53-03	1	0	6917
ndcc	N.D.C.C. § 30-20-04	1	0	6894
ndcc	N.D.C.C. § 10-10-11	1	0	6898
ndcc	N.D.C.C. § 12-21-29	1	0	6898
ndcc	N.D.C.C. § 10-28-18	1	0	6898
ndcc	N.D.C.C. ch. 29-13	1	0	6904
ndcc	N.D.C.C. § 29-14-20	1	0	6904
ndcc	N.D.C.C. § 29-14-23	1	0	6904
ndcc	N.D.C.C. § 29-14-18	1	0	6904
ndcc	N.D.C.C. § 29-24-01	1	0	6904
ndcc	N.D.C.C. § 12-17-19	1	0	6896
ndcc	N.D.C.C. § 16-01-15	1	0	6874
ndcc	N.D.C.C. § 15-28-02	1	0	6931
ndcc	N.D.C.C. § 15-47-06	1	0	6931
ndcc	N.D.C.C. § 1.5-28-02	1	0	6931
ndcc	N.D.C.C. § 27-08-31	1	0	6888
ndcc	N.D.C.C. § 27-07-19	1	0	6850
ndcc	N.D.C.C. § 27-07-20	1	0	6850
ndcc	N.D.C.C. § 29-30-04	1	0	6860
ndcc	N.D.C.C. § 29-30-05	1	0	6860
ndcc	N.D.C.C. § 29-30-11	1	0	6860
ndcc	N.D.C.C. ch. 12-21.1	1	0	6853
ndcc	N.D.C.C. § 12-21.1-03	1	0	6853
ndcc	N.D.C.C. § 12-21.1-0.4	1	0	6853
ndcc	N.D.C.C. § 27-08-18	1	0	6829
ndcc	N.D.C.C. § 27-06-04	1	0	6829
ndcc	N.D.C.C. § 15-51-07	1	0	6807
ndcc	N.D.C.C. § 15-51-11	1	0	6807
ndcc	N.D.C.C. § 16-01-11	1	0	6826
ndcc	N.D.C.C. § 10-21-04	1	0	6788
ndcc	N.D.C.C. § 10-21-06	1	0	6788
ndcc	N.D.C.C. § 6-5-08	1	0	6788
ndcc	N.D.C.C. § 35-02-05	1	0	6825
ndcc	N.D.C.C. § 35-02-13	1	0	6825
ndcc	N.D.C.C. § 12-04-01	1	0	6819
ndcc	N.D.C.C. ch. 22-04	1	0	6776
ndcc	N.D.C.C. § 22-04-01	1	0	6776
ndcc	N.D.C.C. § 22-04-07	1	0	6776
ndcc	N.D.C.C. ch. 40-51.1	1	0	6765
ndcc	N.D.C.C. § 40-51.1-14	1	0	6765
ndcc	N.D.C.C. § 29-14-22	1	0	6762
ndcc	N.D.C.C. § 29-11-17	1	0	6762
ndcc	N.D.C.C. § 27-08-23	1	0	6762
ndcc	N.D.C.C. § 12-17-27	1	0	6761
ndcc	N.D.C.C. § 12-01-06	1	0	6761
ndcc	N.D.C.C. § 19-03-01	1	0	6773
ndcc	N.D.C.C. § 19-03-02	1	0	6773
ndcc	N.D.C.C. § 27-16-08	1	0	6773
ndcc	N.D.C.C. § 27-16-10	1	0	6773
ndcc	N.D.C.C. § 15-40-15	1	0	6772
ndcc	N.D.C.C. § 57-40-10	1	0	6790
ndcc	N.D.C.C. § 5-02-15	1	0	6737
ndcc	N.D.C.C. § 56-01-12	1	0	6742
ndcc	N.D.C.C. § 56-01-06	1	0	6742
ndcc	N.D.C.C. § 29-27-23	1	0	6732
ndcc	N.D.C.C. § 54-23-30	1	0	6717
ndcc	N.D.C.C. § 5-01-23	1	0	6701
ndcc	N.D.C.C. § 49-26-01	1	0	6695
ndcc	N.D.C.C. § 14-06-02	1	0	6706
ndcc	N.D.C.C. § 11-02-02	1	0	6705
ndcc	N.D.C.C. § 12-26-03	1	0	6667
ndcc	N.D.C.C. ch. 33-12	1	0	6662
ndcc	N.D.C.C. § 33-12-39	1	0	6662
ndcc	N.D.C.C. § 12-16-06	1	0	6657
ndcc	N.D.C.C. § 12-40-03	1	0	6674
ndcc	N.D.C.C. § 52-09-14	1	0	6633
ndcc	N.D.C.C. § 12-40-06	1	0	6630
ndcc	N.D.C.C. § 12-40-01	1	0	6630
ndcc	N.D.C.C. § 12-40-07	1	0	6630
ndcc	N.D.C.C. § 27-07-36	1	0	6637
ndcc	N.D.C.C. § 27-08-10	1	0	6637
ndcc	N.D.C.C. § 12-28-01	1	0	6627
ndcc	N.D.C.C. ch. 10-1	1	0	6638
ndcc	N.D.C.C. § 54-35.1-05	1	0	6594
ndcc	N.D.C.C. § 54-35.1-01	1	0	6594
ndcc	N.D.C.C. § 45-06-04	1	0	6565
ndcc	N.D.C.C. § 56-05-10	1	0	6562
ndcc	N.D.C.C. § 29-20-03	1	0	6589
ndcc	N.D.C.C. § 12-39-23	1	0	6592
ndcc	N.D.C.C. § 40-51-07	1	0	6593
ndcc	N.D.C.C. § 57-40-01	1	0	6586
ndcc	N.D.C.C. § 57-39-01	1	0	6586
ndcc	N.D.C.C. § 32-08-09	1	0	6584
ndcc	N.D.C.C. § 10-22-08	1	0	6584
ndcc	N.D.C.C. § 32-08-19	1	0	6584
ndcc	N.D.C.C. § 30-14-06	1	0	6582
ndcc	N.D.C.C. § 39-11-05	1	0	6554
ndcc	N.D.C.C. § 39-11-11	1	0	6554
ndcc	N.D.C.C. § 57-37-24	1	0	6548
ndcc	N.D.C.C. § 57-37-16	1	0	6548
ndcc	N.D.C.C. § 12-21-15	1	0	6546
ndcc	N.D.C.C. § 51-01-50	1	0	6541
ndcc	N.D.C.C. § 12-06-04	1	0	6518
ndcc	N.D.C.C. § 12-06-30	1	0	6518
ndcc	N.D.C.C. § 47-06-93	1	0	6539
ndcc	N.D.C.C. § 51-01-01	1	0	6537
ndcc	N.D.C.C. § 49-18-33	1	0	6526
ndcc	N.D.C.C. § 24-08-68	1	0	6482
ndcc	N.D.C.C. § 62-03-01	1	0	6474
ndcc	N.D.C.C. § 62-03-03	1	0	6474
ndcc	N.D.C.C. § 40-51-06	1	0	6515
ndcc	N.D.C.C. § 40-51-04	1	0	6515
ndcc	N.D.C.C. § 40-51-02	1	0	6515
ndcc	N.D.C.C. § 40-51-03	1	0	6515
ndcc	N.D.C.C. § 67-7-13	1	0	6477
ndcc	N.D.C.C. § 26-17-01	1	0	6465
ndcc	N.D.C.C. § 36-06-08	1	0	6452
ndcc	N.D.C.C. § 33-01-24	1	0	6438
ndcc	N.D.C.C. ch. 57-35.1	1	0	6440
ndcc	N.D.C.C. § 30-02-01	1	0	6424
ndcc	N.D.C.C. § 30-21-08	1	0	6424
ndcc	N.D.C.C. § 30-21-05	1	0	6424
ndcc	N.D.C.C. § 56-03-05	1	0	6436
ndcc	N.D.C.C. § 56-03-04	1	0	6436
ndcc	N.D.C.C. § 59-01-18	1	0	6436
ndcc	N.D.C.C. § 35-12-03	1	0	6414
ndcc	N.D.C.C. § 32-08-05	1	0	6414
ndcc	N.D.C.C. § 32-08-01	1	0	6414
ndcc	N.D.C.C. § 32-08-28	1	0	6414
ndcc	N.D.C.C. § 56-01-03	1	0	6406
ndcc	N.D.C.C. ch. 6-04	1	0	6396
ndcc	N.D.C.C. § 28-27-0	1	0	6386
ndcc	N.D.C.C. § 33-12-12	1	0	6373
ndcc	N.D.C.C. § 51-01-70	1	0	6378
ndcc	N.D.C.C. § 57-37-20	1	0	6377
ndcc	N.D.C.C. § 57-37-02	1	0	6377
ndcc	N.D.C.C. § 57-37-04	1	0	6377
ndcc	N.D.C.C. § 57-37-08	1	0	6377
ndcc	N.D.C.C. § 15-25-09	1	0	6379
ndcc	N.D.C.C. § 15-25-08	1	0	6379
ndcc	N.D.C.C. § 15-34-12	1	0	6379
ndcc	N.D.C.C. § 34-04-02	1	0	6379
ndcc	N.D.C.C. § 49-18-06	1	0	6353
ndcc	N.D.C.C. § 20-03-35	1	0	6351
ndcc	N.D.C.C. § 44-06-01	1	0	6376
ndcc	N.D.C.C. § 56-02-08	1	0	6334
ndcc	N.D.C.C. § 27-27-07	1	0	6322
ndcc	N.D.C.C. § 27-16-34	1	0	6312
ndcc	N.D.C.C. § 12-11-31	1	0	6308
ndcc	N.D.C.C. § 51-01-02	1	0	6305
ndcc	N.D.C.C. ch. 54-23	1	0	6319
ndcc	N.D.C.C. § 54-23-49	1	0	6319
ndcc	N.D.C.C. § 54-23-50	1	0	6319
ndcc	N.D.C.C. § 54-23-52	1	0	6319
ndcc	N.D.C.C. § 54-23-04	1	0	6319
ndcc	N.D.C.C. § 54-23-16	1	0	6319
ndcc	N.D.C.C. § 54-23-06	1	0	6319
ndcc	N.D.C.C. § 54-23-17	1	0	6319
ndcc	N.D.C.C. § 54-23-25	1	0	6319
ndcc	N.D.C.C. § 54-23-18	1	0	6319
ndcc	N.D.C.C. § 54-23-6	1	0	6319
ndcc	N.D.C.C. § 12-34-02	1	0	6300
ndcc	N.D.C.C. § 12-53-02	1	0	6300
ndcc	N.D.C.C. § 12-44-01	1	0	6298
ndcc	N.D.C.C. § 40-51-11	1	0	6291
ndcc	N.D.C.C. § 12-22-15	1	0	6290
ndcc	N.D.C.C. § 12-22-22	1	0	6290
ndcc	N.D.C.C. § 23-05-06	1	0	6290
ndcc	N.D.C.C. ch. 28-06	1	0	6276
ndcc	N.D.C.C. § 35-02-02	1	0	6275
ndcc	N.D.C.C. § 35-02-11	1	0	6275
ndcc	N.D.C.C. § 35-12-01	1	0	6272
ndcc	N.D.C.C. § 35-12-16	1	0	6272
ndcc	N.D.C.C. § 35-12-05	1	0	6284
ndcc	N.D.C.C. § 20-03-05	1	0	6281
ndcc	N.D.C.C. § 15-29-08.2	1	0	6286
ndcc	N.D.C.C. § 15-27-14	1	0	6246
ndcc	N.D.C.C. § 15-27-15	1	0	6246
ndcc	N.D.C.C. § 15-27-16	1	0	6246
ndcc	N.D.C.C. § 5-01-26	1	0	6224
ndcc	N.D.C.C. § 5-05-04	1	0	6224
ndcc	N.D.C.C. § 15-53-07	1	0	6225
ndcc	N.D.C.C. § 15-53-09	1	0	6225
ndcc	N.D.C.C. § 15-53-10	1	0	6225
ndcc	N.D.C.C. § 15-53-16	1	0	6225
ndcc	N.D.C.C. § 15-53-23	1	0	6225
ndcc	N.D.C.C. § 16-04-02	1	0	6218
ndcc	N.D.C.C. § 12-22-14	1	0	6213
ndcc	N.D.C.C. § 12-22-17	1	0	6213
ndcc	N.D.C.C. § 12-06-22	1	0	6213
ndcc	N.D.C.C. § 12-06-10	1	0	6213
ndcc	N.D.C.C. § 12-06-14	1	0	6213
ndcc	N.D.C.C. § 12-22-29	1	0	6213
ndcc	N.D.C.C. § 12-22-28	1	0	6213
ndcc	N.D.C.C. § 26-14-14	1	0	6244
ndcc	N.D.C.C. § 26-24-01	1	0	6244
ndcc	N.D.C.C. § 26-24-04	1	0	6244
ndcc	N.D.C.C. § 48-01-03	1	0	6244
ndcc	N.D.C.C. § 26-02-08	1	0	6244
ndcc	N.D.C.C. § 57-43-01	1	0	6223
ndcc	N.D.C.C. § 57-50-01	1	0	6223
ndcc	N.D.C.C. § 57-41-01	1	0	6223
ndcc	N.D.C.C. § 57-50-05	1	0	6223
ndcc	N.D.C.C. § 30-24-16	1	0	6222
ndcc	N.D.C.C. § 30-24-15	1	0	6199
ndcc	N.D.C.C. § 51-01-06	1	0	6204
ndcc	N.D.C.C. § 59-04-01	1	0	6196
ndcc	N.D.C.C. § 59-04-09	1	0	6196
ndcc	N.D.C.C. § 39-6-73	1	0	6206
ndcc	N.D.C.C. § 39-6-84	1	0	6206
ndcc	N.D.C.C. § 30-02-27	1	0	6182
ndcc	N.D.C.C. § 30-05-09	1	0	6182
ndcc	N.D.C.C. § 27-16-19	1	0	6172
ndcc	N.D.C.C. § 27-16-20	1	0	6172
ndcc	N.D.C.C. § 27-16-36	1	0	6172
ndcc	N.D.C.C. § 41-6-44.10	1	0	6171
ndcc	N.D.C.C. § 15-22-02	1	0	6136
ndcc	N.D.C.C. ch. 15-33	1	0	6136
ndcc	N.D.C.C. § 15-53-25	1	0	6136
ndcc	N.D.C.C. § 30-02-11	1	0	6164
ndcc	N.D.C.C. § 30-02-12	1	0	6164
ndcc	N.D.C.C. § 30-02-19	1	0	6164
ndcc	N.D.C.C. § 30-02-09	1	0	6164
ndcc	N.D.C.C. § 30-02-10	1	0	6164
ndcc	N.D.C.C. ch. 57-24	1	0	6115
ndcc	N.D.C.C. ch. 53-06	1	0	16725
ndcc	N.D.C.C. ch. 52-09	1	0	16149
ndcc	N.D.C.C. ch. 17-17.05	1	0	15772
ndcc	N.D.C.C. ch. 15-23	1	0	15379
ndcc	N.D.C.C. ch. 12-08	1	0	14430
ndcc	N.D.C.C. § 39-6-62	1	0	14024
ndcc	N.D.C.C. ch. 2-19	1	0	14148
ndcc	N.D.C.C. ch. 26-23	1	0	13771
ndcc	N.D.C.C. ch. 23-1	1	0	12835
ndcc	N.D.C.C. ch. 27-09	1	0	11398
ndcc	N.D.C.C. ch. 57-17	1	0	11409
ndcc	N.D.C.C. ch. 57-49	1	0	10884
ndcc	N.D.C.C. ch. 12-34	1	0	10220
ndcc	N.D.C.C. ch. 9-19	1	0	9538
ndcc	N.D.C.C. ch. 30-20	1	0	9000
ndcc	N.D.C.C. ch. 30-21	1	0	9000
ndcc	N.D.C.C. § 29-32-30	1	0	7643
ndcc	N.D.C.C. ch. 76-10	1	0	7517
ndcc	N.D.C.C. ch. 27-44	1	0	7403
ndcc	N.D.C.C. ch. 58-19	1	0	7313
ndcc	N.D.C.C. § 22-2-5	1	0	6882
ndcc	N.D.C.C. ch. 80-83	1	0	11385
ndcc	N.D.C.C. ch. 7-12	1	0	4945
ndcc	N.D.C.C. ch. 11-1	1	0	4901
ndcc	N.D.C.C. ch. 92-19	1	0	4331
ndcc	N.D.C.C. ch. 5-19	1	0	4302
ndcc	N.D.C.C. § 1-18-9	1	0	3392
ndcc	N.D.C.C. § 8-18-9	1	0	3392
ndcc	N.D.C.C. ch. 25-40	1	0	2150
ndcc	N.D.C.C. ch. 98-19	1	0	1627
ndcc	N.D.C.C. ch. 40-1	1	0	944
ndcc	N.D.C.C. ch. 37-2	1	0	880
ndcc	N.D.C.C. ch. 65-11	1	0	35
ndcc	N.D.C.C. ch. 99-11	1	0	5536
