id	cite	bucket	src	src_n	db_det	db_mal	db_orph	status	src_nums
937	1912 ND 70	PERIOD_ORPHAN	westlaw_doc	0	0	0	1	EXTRACT_FAIL	-
1641	1916 ND 139	PERIOD_ORPHAN	westlaw_doc	0	0	0	1	EXTRACT_FAIL	-
2218	1919 ND 120	MALFORMED	westlaw_doc	0	0	1	0	EXTRACT_FAIL	-
5101	1890 ND 10	MALFORMED	westlaw_doc	1	1	0	0	MATCH	1
5227	1892 ND 32	PERIOD_ORPHAN	nw_scan	0	0	0	1	NO_AUTO_SOURCE	-
5242	1893 ND 17	MALFORMED	westlaw_doc	0	0	1	0	EXTRACT_FAIL	-
5589	1898 ND 108	PERIOD_ORPHAN	nw_scan	0	0	0	1	NO_AUTO_SOURCE	-
5662	1899 ND 56	PERIOD_ORPHAN	nw_scan	0	0	0	1	NO_AUTO_SOURCE	-
6135	1961 ND 6	MALFORMED	westlaw_doc	0	0	1	0	EXTRACT_FAIL	-
6409	1965 ND 15	MALFORMED	westlaw_doc	2	2	0	0	MATCH	1,2
6520	1966 ND 35	MALFORMED	nw_scan	0	0	2	0	NO_AUTO_SOURCE	-
6551	1966 ND 59	MALFORMED	nw_scan	0	0	1	0	NO_AUTO_SOURCE	-
6566	1966 ND 70	MALFORMED	nw_scan	0	0	1	0	NO_AUTO_SOURCE	-
6587	1967 ND 1	MALFORMED	nw_scan	0	0	3	0	NO_AUTO_SOURCE	-
6607	1967 ND 11	MALFORMED	nw_scan	0	0	1	0	NO_AUTO_SOURCE	-
6718	1968 ND 32	MALFORMED	nw_scan	0	0	2	0	NO_AUTO_SOURCE	-
6721	1968 ND 25	MALFORMED	nw_scan	0	0	1	0	NO_AUTO_SOURCE	-
6725	1968 ND 28	MALFORMED	nw_scan	0	0	3	0	NO_AUTO_SOURCE	-
6775	1968 ND 55	MALFORMED	nw_scan	0	0	1	0	NO_AUTO_SOURCE	-
6788	1969 ND 34	MALFORMED	nw_scan	0	0	2	0	NO_AUTO_SOURCE	-
6806	1969 ND 46	MALFORMED	nw_scan	0	0	1	0	NO_AUTO_SOURCE	-
6997	1971 ND 74	MALFORMED	westlaw_doc	1	1	0	0	MATCH	1
7118	1972 ND 75	MALFORMED	westlaw_doc	4	4	0	0	MATCH	1,2,3,4
7327	1974 ND 55	MALFORMED	nw_scan	0	0	1	0	NO_AUTO_SOURCE	-
7371	1974 ND 125	NOTES_SECTION	westlaw_doc	1	1	0	0	MATCH	1
7421	1975 ND 48	MALFORMED	nw_scan	0	0	1	0	NO_AUTO_SOURCE	-
7460	1975 ND 71	MALFORMED	westlaw_doc	2	2	0	0	MATCH	1,2
7470	1975 ND 79	MALFORMED	nw_scan	0	0	1	0	NO_AUTO_SOURCE	-
7541	1976 ND 30	MALFORMED	westlaw_doc	1	1	0	0	MATCH	1
7545	1976 ND 33	MALFORMED	westlaw_doc	1	1	0	0	MATCH	1
7547	1976 ND 38	MALFORMED	westlaw_doc	1	1	0	0	MATCH	1
7553	1976 ND 35	MALFORMED	westlaw_doc	1	1	1	0	CHECK_MARKERS	1
7667	1977 ND 15	MALFORMED	nw_scan	0	0	1	0	NO_AUTO_SOURCE	-
7704	1977 ND 57	NOTES_SECTION	westlaw_doc	1	1	0	0	MATCH	1
7708	1977 ND 66	MALFORMED	nw_scan	0	0	2	0	NO_AUTO_SOURCE	-
7759	1977 ND 114	MALFORMED	westlaw_doc	3	3	0	0	MATCH	1,2,3
7792	1977 ND 139	MALFORMED	westlaw_doc	1	1	8	0	CHECK_MARKERS	1
7812	1978 ND 15	MALFORMED	westlaw_doc	1	1	0	0	MATCH	1
7818	1978 ND 21	MALFORMED	westlaw_doc	3	0	1	0	SRC_MORE	1,2,3
7827	1978 ND 27	MALFORMED	westlaw_doc	5	0	3	0	SRC_MORE	1,2,3,4,5
7858	1978 ND 56	MALFORMED	westlaw_doc	4	4	0	0	MATCH	1,2,3,4
7860	1978 ND 60	MALFORMED	westlaw_doc	1	1	0	0	MATCH	1
7877	1978 ND 77	NOTES_SECTION	westlaw_doc	3	3	0	0	MATCH	1,2,3
7888	1978 ND 82	MALFORMED	westlaw_doc	3	3	0	0	MATCH	1,2,3
7911	1978 ND 97	MALFORMED	westlaw_doc	11	11	0	0	MATCH	1,2,3,4,5,6,7,8,9,10,11
7914	1978 ND 100	MALFORMED	westlaw_doc	5	0	2	0	SRC_MORE	1,2,3,4,5
7919	1978 ND 104	MALFORMED	westlaw_doc	1	1	0	0	MATCH	1
7957	1979 ND 11	MALFORMED	westlaw_doc	4	4	0	0	MATCH	1,2,3,4
7972	1979 ND 31	MALFORMED	westlaw_doc	2	2	0	0	MATCH	1,2
7985	1979 ND 30	MALFORMED	westlaw_doc	12	0	3	0	SRC_MORE	1,2,3,4,5,6,7,8,9,10,11,12
7995	1979 ND 46	MALFORMED	westlaw_doc	3	3	0	0	MATCH	1,2,3
8007	1979 ND 58	MALFORMED	westlaw_doc	5	5	0	0	MATCH	1,2,3,4,5
8015	1979 ND 62	MALFORMED	westlaw_doc	2	0	1	0	SRC_MORE	1,2
8051	1979 ND 107	MALFORMED	westlaw_doc	3	3	0	0	MATCH	1,2,3
8059	1979 ND 97	MALFORMED	westlaw_doc	4	4	0	0	MATCH	1,2,3,4
8065	1979 ND 106	MALFORMED	westlaw_doc	7	0	7	0	SRC_MORE	1,2,3,4,5,6,7
8078	1979 ND 119	MALFORMED	westlaw_doc	7	0	3	0	SRC_MORE	1,2,3,4,5,6,7
8089	1979 ND 104	MALFORMED	westlaw_doc	5	5	0	0	MATCH	1,2,3,4,5
8099	1979 ND 134	MALFORMED	westlaw_doc	2	0	2	0	SRC_MORE	1,2
8106	1979 ND 141	MALFORMED	westlaw_doc	9	0	9	0	SRC_MORE	1,2,3,4,5,6,7,8,9
8107	1979 ND 142	MALFORMED	westlaw_doc	2	2	0	0	MATCH	1,2
8137	1980 ND 2	MALFORMED	westlaw_doc	1	1	0	0	MATCH	1
8138	1980 ND 3	MALFORMED	westlaw_doc	3	3	0	0	MATCH	1,2,3
8160	1980 ND 25	MALFORMED	westlaw_doc	2	2	0	0	MATCH	1,2
8161	1980 ND 26	MALFORMED	westlaw_doc	1	1	0	0	MATCH	1
8182	1980 ND 46	MALFORMED	westlaw_doc	1	1	0	0	MATCH	1
8184	1980 ND 32	MALFORMED	westlaw_doc	4	4	0	0	MATCH	1,2,3,4
8185	1980 ND 40	MALFORMED	westlaw_doc	3	3	0	0	MATCH	1,2,3
8208	1980 ND 59	MALFORMED	westlaw_doc	5	5	0	0	MATCH	1,2,3,4,5
8209	1980 ND 67	MALFORMED	westlaw_doc	1	1	0	0	MATCH	1
8214	1980 ND 77	MALFORMED	westlaw_doc	1	1	0	0	MATCH	1
8224	1980 ND 92	MALFORMED	westlaw_doc	1	1	0	0	MATCH	1
8230	1980 ND 87	MALFORMED	westlaw_doc	5	5	0	0	MATCH	1,2,3,4,5
8235	1980 ND 97	MALFORMED	westlaw_doc	2	2	0	0	MATCH	1,2
8244	1980 ND 103	MALFORMED	westlaw_doc	3	3	0	0	MATCH	1,2,3
8248	1980 ND 60	NOTES_SECTION	westlaw_doc	4	4	0	0	MATCH	1,2,3,4
8249	1980 ND 109	MALFORMED	westlaw_doc	3	3	2	0	CHECK_MARKERS	1,2,3
8255	1980 ND 114	MALFORMED	westlaw_doc	4	4	0	0	MATCH	1,2,3,4
8261	1980 ND 118	MALFORMED	westlaw_doc	4	4	0	0	MATCH	1,2,3,4
8280	1980 ND 143	MALFORMED	westlaw_doc	4	4	0	0	MATCH	1,2,3,4
8285	1980 ND 144	MALFORMED	westlaw_doc	5	5	0	0	MATCH	1,2,3,4,5
8315	1980 ND 152	MALFORMED	westlaw_doc	3	0	3	0	SRC_MORE	1,2,3
8316	1980 ND 157	MALFORMED	westlaw_doc	3	3	0	0	MATCH	1,2,3
8317	1980 ND 153	MALFORMED	westlaw_doc	4	4	0	0	MATCH	1,2,3,4
8320	1980 ND 158	MALFORMED	westlaw_doc	3	3	0	0	MATCH	1,2,3
8332	1980 ND 172	MALFORMED	westlaw_doc	3	3	0	0	MATCH	1,2,3
8340	1981 ND 4	MALFORMED	westlaw_doc	1	1	0	0	MATCH	1
8345	1981 ND 6	MALFORMED	westlaw_doc	3	3	0	0	MATCH	1,2,3
8347	1981 ND 7	MALFORMED	westlaw_doc	4	4	0	0	MATCH	1,2,3,4
8357	1981 ND 12	MALFORMED	westlaw_doc	7	7	0	0	MATCH	1,2,3,4,5,6,7
8361	1981 ND 13	MALFORMED	westlaw_doc	2	2	0	0	MATCH	1,2
8366	1981 ND 24	MALFORMED	westlaw_doc	1	1	0	0	MATCH	1
8367	1981 ND 25	MALFORMED	westlaw_doc	10	0	7	0	SRC_MORE	1,2,3,4,5,6,7,8,9,10
8398	1981 ND 56	MALFORMED	westlaw_doc	6	6	0	0	MATCH	1,2,3,4,5,6
8400	1981 ND 57	MALFORMED	westlaw_doc	4	4	0	0	MATCH	1,2,3,4
8408	1981 ND 68	MALFORMED	westlaw_doc	1	1	0	0	MATCH	1
8410	1981 ND 61	MALFORMED	westlaw_doc	4	4	0	0	MATCH	1,2,3,4
8418	1981 ND 73	MALFORMED	westlaw_doc	3	3	0	0	MATCH	1,2,3
8428	1981 ND 80	MALFORMED	nw_scan	0	0	3	0	NO_AUTO_SOURCE	-
8436	1981 ND 91	MALFORMED	westlaw_doc	3	3	0	0	MATCH	1,2,3
8450	1981 ND 107	MALFORMED	westlaw_doc	2	2	0	0	MATCH	1,2
8451	1981 ND 103	MALFORMED	westlaw_doc	2	2	0	0	MATCH	1,2
8456	1981 ND 111	NOTES_SECTION	westlaw_doc	6	6	0	0	MATCH	1,2,3,4,5,6
8467	1981 ND 121	MALFORMED	westlaw_doc	3	3	0	0	MATCH	1,2,3
8472	1981 ND 124	MALFORMED	westlaw_doc	12	12	0	0	MATCH	1,2,3,4,5,6,7,8,9,10,11,12
8493	1981 ND 134	MALFORMED	westlaw_doc	1	1	0	0	MATCH	1
8504	1981 ND 150	MALFORMED	westlaw_doc	1	1	0	0	MATCH	1
8511	1981 ND 157	NOTES_SECTION	westlaw_doc	3	3	0	0	MATCH	1,2,3
8527	1981 ND 168	MALFORMED	nw_scan	0	0	1	0	NO_AUTO_SOURCE	-
8536	1981 ND 177	MALFORMED	westlaw_doc	4	4	0	0	MATCH	1,2,3,4
8584	1982 ND 13	MALFORMED	westlaw_doc	13	13	0	0	MATCH	1,2,3,4,5,6,7,8,9,10,11,12,13
8596	1982 ND 23	NOTES_SECTION	westlaw_doc	2	2	0	0	MATCH	1,2
8616	1982 ND 43	MALFORMED	westlaw_doc	1	1	0	0	MATCH	1
8622	1982 ND 47	MALFORMED	westlaw_doc	10	10	0	0	MATCH	1,2,3,4,5,6,7,8,9,10
8626	1982 ND 51	MALFORMED	westlaw_doc	5	0	5	0	SRC_MORE	1,2,3,4,5
8630	1982 ND 54	MALFORMED	westlaw_doc	9	0	8	0	SRC_MORE	1,2,3,4,5,6,7,8,9
8649	1982 ND 73	MALFORMED	westlaw_doc	4	0	3	0	SRC_MORE	1,2,3,4
8656	1982 ND 81	MALFORMED	westlaw_doc	27	27	0	0	MATCH	1,2,3,4,5,6,7,8,9,10,11,12,13,14,15,16,17,18,19,20,21,22,23,24,25,26,27
8669	1982 ND 77	MALFORMED	nw_scan	0	0	1	0	NO_AUTO_SOURCE	-
8680	1982 ND 109	MALFORMED	westlaw_doc	1	1	0	0	MATCH	1
8686	1982 ND 101	MALFORMED	westlaw_doc	1	1	0	0	MATCH	1
8691	1982 ND 105	NOTES_SECTION	westlaw_doc	1	1	0	0	MATCH	1
8709	1982 ND 121	MALFORMED	westlaw_doc	4	4	0	0	MATCH	1,2,3,4
8725	1982 ND 137	MALFORMED	nw_scan	0	0	1	0	NO_AUTO_SOURCE	-
8748	1982 ND 153	MALFORMED	westlaw_doc	2	2	0	0	MATCH	1,2
8799	1983 ND 7	MALFORMED	westlaw_doc	4	4	0	0	MATCH	1,2,3,4
8824	1983 ND 17	MALFORMED	westlaw_doc	4	4	0	0	MATCH	1,2,3,4
8831	1983 ND 31	MALFORMED	westlaw_doc	4	4	0	0	MATCH	1,2,3,4
8836	1983 ND 28	MALFORMED	westlaw_doc	5	5	0	0	MATCH	1,2,3,4,5
8872	1983 ND 66	MALFORMED	westlaw_doc	3	3	0	0	MATCH	1,2,3
8890	1983 ND 84	NOTES_SECTION	westlaw_doc	4	4	0	0	MATCH	1,2,3,4
8938	1983 ND 128	MALFORMED	nw_scan	0	0	1	0	NO_AUTO_SOURCE	-
8950	1983 ND 144	MALFORMED	westlaw_doc	3	3	0	0	MATCH	1,2,3
8970	1983 ND 170	NOTES_SECTION	westlaw_doc	1	1	0	0	MATCH	1
8984	1983 ND 149	MALFORMED	westlaw_doc	1	1	0	0	MATCH	1
9048	1984 ND 10	MALFORMED	westlaw_doc	1	1	0	0	MATCH	1
9101	1984 ND 56	MALFORMED	westlaw_doc	11	11	0	0	MATCH	1,2,3,4,5,6,7,8,9,10,11
9150	1984 ND 102	MALFORMED	westlaw_doc	2	2	0	0	MATCH	1,2
9153	1984 ND 115	MALFORMED	westlaw_doc	1	1	0	0	MATCH	1
9163	1984 ND 97	MALFORMED	westlaw_doc	1	1	0	0	MATCH	1
9170	1984 ND 129	MALFORMED	westlaw_doc	3	3	0	0	MATCH	1,2,3
9176	1984 ND 121	MALFORMED	nw_scan	0	0	7	0	NO_AUTO_SOURCE	-
9209	1984 ND 156	MALFORMED	westlaw_doc	1	1	0	0	MATCH	1
9225	1984 ND 174	MALFORMED	westlaw_doc	1	1	0	0	MATCH	1
9236	1984 ND 166	MALFORMED	westlaw_doc	2	2	0	0	MATCH	1,2
9247	1984 ND 168	MALFORMED	westlaw_doc	1	1	0	0	MATCH	1
9252	1984 ND 191	MALFORMED	westlaw_doc	4	4	0	0	MATCH	1,2,3,4
9258	1984 ND 196	MALFORMED	westlaw_doc	2	2	0	0	MATCH	1,2
9320	1985 ND 27	MALFORMED	westlaw_doc	1	1	0	0	MATCH	1
9338	1985 ND 40	MALFORMED	westlaw_doc	12	0	9	0	SRC_MORE	1,2,4,5,6,7,8,9,10,11,12,13
9352	1985 ND 60	MALFORMED	westlaw_doc	3	3	0	0	MATCH	1,2,3
9371	1985 ND 71	MALFORMED	westlaw_doc	6	0	5	0	SRC_MORE	1,2,3,4,5,6
9410	1985 ND 109	MALFORMED	westlaw_doc	1	1	0	0	MATCH	1
9453	1985 ND 151	MALFORMED	westlaw_doc	5	5	0	0	MATCH	1,2,3,4,5
9512	1985 ND 209	MALFORMED	nw_scan	0	0	1	0	NO_AUTO_SOURCE	-
9563	1986 ND 18	MALFORMED	westlaw_doc	1	0	1	0	SRC_MORE	1
9578	1986 ND 30	NOTES_SECTION	westlaw_doc	4	4	0	0	MATCH	1,2,3,4
9594	1986 ND 45	MALFORMED	westlaw_doc	4	4	0	0	MATCH	1,2,3,4
9611	1986 ND 64	MALFORMED	westlaw_doc	1	1	0	0	MATCH	1
9640	1986 ND 89	MALFORMED	westlaw_doc	2	2	0	0	MATCH	1,2
9656	1986 ND 104	MALFORMED	westlaw_doc	21	0	31	0	SRC_MORE	1,2,3,4,5,6,7,8,9,10,11,12,13,14,15,16,17,18,19,20,21
9689	1986 ND 125	MALFORMED	westlaw_doc	3	3	0	0	MATCH	1,2,3
9759	1986 ND 196	MALFORMED	westlaw_doc	3	0	3	0	SRC_MORE	1,2,3
9769	1986 ND 205	MALFORMED	westlaw_doc	4	4	0	0	MATCH	1,2,3,4
9840	1987 ND 24	MALFORMED	westlaw_doc	6	6	0	0	MATCH	1,2,3,4,5,6
9848	1987 ND 31	MALFORMED	westlaw_doc	4	4	0	0	MATCH	1,2,3,4
9878	1987 ND 48	MALFORMED	westlaw_doc	2	2	0	0	MATCH	1,2
9897	1987 ND 78	NOTES_SECTION	westlaw_doc	2	2	0	0	MATCH	1,2
9976	1987 ND 152	MALFORMED	westlaw_doc	3	3	0	0	MATCH	1,2,3
10025	1988 ND 8	MALFORMED	westlaw_doc	1	1	0	0	MATCH	1
10031	1987 ND 197	MALFORMED	nw_scan	0	0	5	0	NO_AUTO_SOURCE	-
10039	1988 ND 17	MALFORMED	westlaw_doc	2	2	0	0	MATCH	1,2
10054	1988 ND 37	NOTES_SECTION	westlaw_doc	2	2	0	0	MATCH	1,2
10061	1988 ND 49	MALFORMED	westlaw_doc	6	6	0	0	MATCH	1,2,3,4,5,6
10081	1988 ND 45	MALFORMED	westlaw_doc	4	4	0	0	MATCH	1,2,3,4
10098	1988 ND 67	MALFORMED	westlaw_doc	4	0	4	0	SRC_MORE	1,2,3,4
10119	1988 ND 85	NOTES_SECTION	westlaw_doc	1	1	0	0	MATCH	1
10149	1988 ND 105	NOTES_SECTION	westlaw_doc	6	6	0	0	MATCH	1,2,3,4,5,6
10195	1988 ND 165	MALFORMED	westlaw_doc	2	2	0	0	MATCH	1,2
10210	1988 ND 177	MALFORMED	westlaw_doc	2	2	0	0	MATCH	1,2
10212	1988 ND 178	MALFORMED	westlaw_doc	6	6	0	0	MATCH	1,2,3,4,5,6
10251	1988 ND 198	MALFORMED	westlaw_doc	5	5	0	0	MATCH	1,2,3,4,5
10255	1988 ND 201	MALFORMED	westlaw_doc	4	4	0	0	MATCH	1,2,3,4
10416	1989 ND 120	MALFORMED	westlaw_doc	3	3	0	0	MATCH	1,2,3
10425	1989 ND 140	MALFORMED	westlaw_doc	2	2	0	0	MATCH	1,2
10426	1989 ND 141	MALFORMED	westlaw_doc	2	2	0	0	MATCH	1,2
10540	1990 ND 8	MALFORMED	westlaw_doc	5	5	0	0	MATCH	1,2,3,4,5
10572	1990 ND 48	MALFORMED	westlaw_doc	1	1	0	0	MATCH	1
10633	1990 ND 99	MALFORMED	nw_scan	0	0	1	0	NO_AUTO_SOURCE	-
10674	1990 ND 139	MALFORMED	westlaw_doc	2	2	0	0	MATCH	1,2
10726	1990 ND 192	MALFORMED	westlaw_doc	4	4	1	0	CHECK_MARKERS	1,2,3,4
10755	1990 ND 219	MALFORMED	westlaw_doc	5	5	0	0	MATCH	1,2,3,4,5
10759	1990 ND 222	MALFORMED	westlaw_doc	1	1	0	0	MATCH	1
10764	1990 ND 227	MALFORMED	westlaw_doc	2	2	0	0	MATCH	1,2
10793	1991 ND 3	MALFORMED	westlaw_doc	3	3	0	0	MATCH	1,2,3
10800	1991 ND 12	MALFORMED	westlaw_doc	1	1	0	0	MATCH	1
10848	1991 ND 43	MALFORMED	nw_scan	0	0	1	0	NO_AUTO_SOURCE	-
10874	1991 ND 88	MALFORMED	westlaw_doc	5	5	0	0	MATCH	1,2,3,4,5
10886	1991 ND 90	PERIOD_ORPHAN	nw_scan	0	0	0	5	NO_AUTO_SOURCE	-
10888	1991 ND 91	MALFORMED	westlaw_doc	2	2	1	0	CHECK_MARKERS	1,2
10907	1991 ND 109	NOTES_SECTION	westlaw_doc	1	1	0	0	MATCH	1
10936	1991 ND 131	MALFORMED	westlaw_doc	3	3	0	0	MATCH	1,2,3
10977	1991 ND 180	MALFORMED	westlaw_doc	9	9	0	0	MATCH	1,2,3,4,5,6,7,8,9
10994	1991 ND 194	MALFORMED	westlaw_doc	4	4	0	0	MATCH	1,2,3,4
11019	1991 ND 219	MALFORMED	westlaw_doc	2	2	0	0	MATCH	1,2
11099	1992 ND 51	MALFORMED	westlaw_doc	4	4	0	0	MATCH	1,2,3,4
11110	1992 ND 66	MALFORMED	westlaw_doc	4	4	0	0	MATCH	1,2,3,4
11118	1992 ND 73	MALFORMED	westlaw_doc	4	4	0	0	MATCH	1,2,3,4
11129	1992 ND 77	MALFORMED	westlaw_doc	3	3	0	0	MATCH	1,2,3
11139	1992 ND 94	MALFORMED	nw_scan	0	0	1	0	NO_AUTO_SOURCE	-
11143	1992 ND 89	MALFORMED	westlaw_doc	2	2	0	0	MATCH	1,2
11167	1992 ND 129	MALFORMED	nw_scan	0	0	1	0	NO_AUTO_SOURCE	-
11196	1992 ND 146	MALFORMED	nw_scan	0	0	1	0	NO_AUTO_SOURCE	-
11199	1992 ND 153	MALFORMED	nw_scan	0	0	1	0	NO_AUTO_SOURCE	-
11231	1992 ND 169	NOTES_SECTION	westlaw_doc	2	2	0	0	MATCH	1,2
11242	1992 ND 174	MALFORMED	nw_scan	0	0	1	0	NO_AUTO_SOURCE	-
11282	1992 ND 222	MALFORMED	westlaw_doc	13	13	0	0	MATCH	1,2,3,4,5,6,7,8,9,10,11,12,13
11292	1992 ND 235	NOTES_SECTION	westlaw_doc	6	6	0	0	MATCH	1,2,3,4,5,6
11303	1993 ND 12	NOTES_SECTION	westlaw_doc	2	2	0	0	MATCH	1,2
11317	1993 ND 17	MALFORMED	westlaw_doc	1	1	0	0	MATCH	1
11330	1993 ND 31	MALFORMED	westlaw_doc	5	5	0	0	MATCH	1,2,3,4,5
11334	1993 ND 34	MALFORMED	westlaw_doc	1	1	0	0	MATCH	1
11371	1993 ND 77	MALFORMED	nw_scan	0	0	1	0	NO_AUTO_SOURCE	-
11418	1993 ND 94	MALFORMED	westlaw_doc	3	3	0	0	MATCH	1,2,3
11447	1993 ND 123	MALFORMED	nw_scan	0	0	2	0	NO_AUTO_SOURCE	-
11481	1993 ND 158	MALFORMED	westlaw_doc	6	6	4	0	CHECK_MARKERS	1,2,3,4,5,6
11482	1993 ND 161	NOTES_SECTION	nw_scan	0	0	0	0	NO_AUTO_SOURCE	-
11504	1993 ND 185	MALFORMED	westlaw_doc	5	5	0	0	MATCH	1,2,3,4,5
11510	1993 ND 176	MALFORMED	westlaw_doc	5	5	0	0	MATCH	1,2,3,4,5
11530	1993 ND 212	MALFORMED	nw_scan	0	0	1	0	NO_AUTO_SOURCE	-
11605	1994 ND 60	MALFORMED	westlaw_doc	2	2	0	0	MATCH	1,2
11617	1994 ND 65	MALFORMED	westlaw_doc	6	6	0	0	MATCH	1,2,3,4,5,6
11620	1994 ND 68	MALFORMED	westlaw_doc	1	1	0	0	MATCH	1
11637	1994 ND 87	MALFORMED	westlaw_doc	2	2	0	0	MATCH	1,2
11643	1994 ND 92	MALFORMED	westlaw_doc	10	10	0	0	MATCH	1,2,3,4,5,6,7,8,9,10
11645	1994 ND 98	MALFORMED	westlaw_doc	2	2	0	0	MATCH	1,2
11661	1994 ND 115	MALFORMED	nw_scan	0	0	1	0	NO_AUTO_SOURCE	-
11670	1994 ND 124	MALFORMED	nw_scan	0	0	1	0	NO_AUTO_SOURCE	-
11695	1994 ND 147	MALFORMED	westlaw_doc	2	2	0	0	MATCH	1,2
11735	1994 ND 183	MALFORMED	westlaw_doc	3	3	1	0	CHECK_MARKERS	1,2,3
11782	1994 ND 231	MALFORMED	westlaw_doc	3	3	0	0	MATCH	1,2,3
11792	1994 ND 244	MALFORMED	westlaw_doc	3	3	0	0	MATCH	1,2,3
11812	1994 ND 249	MALFORMED	westlaw_doc	2	2	0	0	MATCH	1,2
11836	1995 ND 15	MALFORMED	westlaw_doc	2	2	0	0	MATCH	1,2
11847	1995 ND 31	MALFORMED	westlaw_doc	1	1	0	0	MATCH	1
11862	1995 ND 36	MALFORMED	nw_scan	0	0	1	0	NO_AUTO_SOURCE	-
11909	1995 ND 77	MALFORMED	westlaw_doc	1	1	0	0	MATCH	1
11917	1995 ND 85	NOTES_SECTION	westlaw_doc	4	4	0	0	MATCH	1,2,3,4
11927	1995 ND 87	MALFORMED	westlaw_doc	5	5	0	0	MATCH	1,2,3,4,5
11931	1995 ND 95	MALFORMED	nw_scan	0	0	1	0	NO_AUTO_SOURCE	-
11956	1995 ND 118	MALFORMED	westlaw_doc	2	2	0	0	MATCH	1,2
11980	1995 ND 141	MALFORMED	westlaw_doc	3	3	0	0	MATCH	1,2,3
11982	1995 ND 143	MALFORMED	nw_scan	0	0	2	0	NO_AUTO_SOURCE	-
12020	1995 ND 171	MALFORMED	westlaw_doc	1	1	0	0	MATCH	1
12026	1995 ND 185	NOTES_SECTION	westlaw_doc	1	1	0	0	MATCH	1
12060	1995 ND 197	NOTES_SECTION	westlaw_doc	3	3	0	0	MATCH	1,2,3
12079	1996 ND 1	NOTES_SECTION	westlaw_doc	1	1	0	0	MATCH	1
12097	1996 ND 23	MALFORMED	nw_scan	0	0	2	0	NO_AUTO_SOURCE	-
12121	1996 ND 43	MALFORMED	nw_scan	0	0	1	0	NO_AUTO_SOURCE	-
12131	1996 ND 52	MALFORMED	westlaw_doc	2	2	0	0	MATCH	1,2
12163	1996 ND 84	MALFORMED	westlaw_doc	2	2	1	0	CHECK_MARKERS	1,2
12187	1996 ND 103	MALFORMED	westlaw_doc	1	1	0	0	MATCH	1
12242	1996 ND 157	MALFORMED	westlaw_doc	1	1	0	0	MATCH	1
12245	1996 ND 138	MALFORMED	westlaw_doc	1	1	0	0	MATCH	1
12247	1996 ND 139	MALFORMED	westlaw_doc	3	3	0	0	MATCH	1,2,3
12256	1996 ND 155	NOTES_SECTION	westlaw_doc	4	4	0	0	MATCH	1,2,3,4
12304	1996 ND 196	MALFORMED	westlaw_doc	1	1	0	0	MATCH	1
12319	1996 ND 210	NOTES_SECTION	westlaw_doc	1	1	0	0	MATCH	1
12333	1996 ND 228	MALFORMED	westlaw_doc	2	2	0	0	MATCH	1,2
12344	1997 ND 10	NOTES_SECTION	archive	1	1	0	0	MATCH	1
12346	1997 ND 16	NOTES_SECTION	archive	1	1	0	0	MATCH	1
12368	1997 ND 28	NOTES_SECTION	archive	2	2	0	0	MATCH	1,2
12388	1997 ND 30	NOTES_SECTION	archive	1	1	0	0	MATCH	1
12389	1997 ND 33	NOTES_SECTION	archive	1	1	0	0	MATCH	1
12397	1997 ND 59	NOTES_SECTION	archive	1	1	0	0	MATCH	1
12399	1997 ND 61	NOTES_SECTION	archive	7	7	0	0	MATCH	1,2,3,4,5,6,7
12401	1997 ND 43	MALFORMED	archive	6	0	5	0	SRC_MORE	1,2,3,4,5,6
12403	1997 ND 62	NOTES_SECTION	archive	2	2	0	0	MATCH	1,2
12409	1997 ND 54	NOTES_SECTION	archive	2	2	0	0	MATCH	1,2
12411	1997 ND 47	NOTES_SECTION	archive	2	2	0	0	MATCH	1,2
12415	1997 ND 72	NOTES_SECTION	archive	1	1	0	0	MATCH	1
12418	1997 ND 71	NOTES_SECTION	archive	1	1	0	0	MATCH	1
12435	1997 ND 88	NOTES_SECTION	archive	2	2	0	0	MATCH	1,2
12436	1997 ND 95	NOTES_SECTION	archive	7	7	0	0	MATCH	1,2,3,4,5,6,7
12438	1997 ND 94	NOTES_SECTION	archive	1	1	0	0	MATCH	1
12441	1997 ND 96	NOTES_SECTION	archive	3	3	0	0	MATCH	1,2,3
12443	1997 ND 82	MALFORMED	archive	6	6	1	0	CHECK_MARKERS	1,2,3,4,5,6
12447	1997 ND 101	NOTES_SECTION	archive	2	2	0	0	MATCH	1,2
12455	1997 ND 102	NOTES_SECTION	archive	4	4	0	0	MATCH	1,2,3,4
12461	1997 ND 108	MALFORMED	archive	1	1	1	0	CHECK_MARKERS	1
12484	1997 ND 148	NOTES_SECTION	archive	1	1	0	0	MATCH	1
12486	1997 ND 138	NOTES_SECTION	archive	2	2	0	0	MATCH	1,2
12487	1997 ND 133	NOTES_SECTION	archive	4	4	0	0	MATCH	1,2,3,4
12500	1997 ND 155	NOTES_SECTION	archive	1	1	0	0	MATCH	1
12501	1997 ND 169	MALFORMED	archive	1	1	0	0	MATCH	1
12503	1997 ND 165	MALFORMED	archive	3	3	0	0	MATCH	1,2,3
12514	1997 ND 156	NOTES_SECTION	archive	2	2	0	0	MATCH	1,2
12520	1997 ND 176	MALFORMED	archive	2	2	0	0	MATCH	1,2
12536	1997 ND 170	NOTES_SECTION	archive	2	2	0	0	MATCH	1,2
12552	1997 ND 203	NOTES_SECTION	archive	9	9	0	0	MATCH	1,2,3,4,5,6,7,8,9
12553	1997 ND 207	NOTES_SECTION	archive	2	2	0	0	MATCH	1,2
12560	1997 ND 225	NOTES_SECTION	archive	1	1	0	0	MATCH	1
12564	1997 ND 205	NOTES_SECTION	archive	3	3	0	0	MATCH	1,2,3
12576	1997 ND 221	NOTES_SECTION	archive	3	3	0	0	MATCH	1,2,3
12578	1997 ND 241	NOTES_SECTION	archive	1	1	0	0	MATCH	1
12605	1998 ND 17	NOTES_SECTION	archive	2	2	0	0	MATCH	1,2
12608	1998 ND 24	NOTES_SECTION	archive	5	5	0	0	MATCH	1,2,3,4,5
12612	1998 ND 29	NOTES_SECTION	archive	3	3	0	0	MATCH	1,2,3
12616	1998 ND 48	NOTES_SECTION	archive	5	5	0	0	MATCH	1,2,3,4,5
12617	1998 ND 45	NOTES_SECTION	archive	4	4	0	0	MATCH	1,2,3,4
12625	1998 ND 35	MALFORMED	archive	4	4	1	0	CHECK_MARKERS	1,2,3,4
12632	1998 ND 40	NOTES_SECTION	archive	2	2	0	0	MATCH	1,2
12634	1998 ND 46	NOTES_SECTION	archive	6	6	0	0	MATCH	1,2,3,4,5,6
12636	1997 ND 233	PERIOD_ORPHAN	archive	2	2	0	1	CHECK_MARKERS	1,2
12637	1998 ND 30	NOTES_SECTION	archive	2	2	0	0	MATCH	1,2
12638	1998 ND 41	NOTES_SECTION	archive	2	2	0	0	MATCH	1,2
12644	1998 ND 66	PERIOD_ORPHAN	archive	1	1	0	1	CHECK_MARKERS	1
12652	1998 ND 74	NOTES_SECTION	archive	10	10	0	0	MATCH	1,2,3,4,5,6,7,8,9,10
12656	1998 ND 93	NOTES_SECTION	archive	4	4	0	0	MATCH	1,2,3,4
12660	1998 ND 83	NOTES_SECTION	archive	1	1	0	0	MATCH	1
12669	1998 ND 100	NOTES_SECTION	archive	3	3	0	0	MATCH	1,2,3
12673	1998 ND 104	NOTES_SECTION	archive	1	1	0	0	MATCH	1
12678	1998 ND 102	NOTES_SECTION	archive	1	1	0	0	MATCH	1
12679	1998 ND 107	NOTES_SECTION	archive	2	2	0	0	MATCH	1,2
12683	1998 ND 110	NOTES_SECTION	archive	1	1	0	0	MATCH	1
12684	1998 ND 121	NOTES_SECTION	archive	3	4	0	0	DB_MORE	1,2,3
12688	1998 ND 114	NOTES_SECTION	archive	1	1	0	0	MATCH	1
12710	1998 ND 129	NOTES_SECTION	archive	3	3	0	0	MATCH	1,2,3
12716	1998 ND 128	NOTES_SECTION	archive	1	1	0	0	MATCH	1
12721	1998 ND 141	NOTES_SECTION	archive	2	2	0	0	MATCH	1,2
12724	1998 ND 140	NOTES_SECTION	archive	0	4	0	0	EXTRACT_FAIL	-
12732	1998 ND 150	NOTES_SECTION	archive	1	1	0	0	MATCH	1
12734	1998 ND 146	NOTES_SECTION	archive	1	1	0	0	MATCH	1
12740	1998 ND 158	NOTES_SECTION	archive	2	2	0	0	MATCH	1,2
12749	1998 ND 165	NOTES_SECTION	archive	2	2	0	0	MATCH	1,2
12750	1998 ND 157	NOTES_SECTION	archive	3	3	0	0	MATCH	1,2,3
12752	1998 ND 170	NOTES_SECTION	archive	1	1	0	0	MATCH	1
12755	1998 ND 178	NOTES_SECTION	archive	3	3	0	0	MATCH	1,2,3
12756	1998 ND 174	NOTES_SECTION	archive	1	2	0	0	DB_MORE	1
12758	1998 ND 175	NOTES_SECTION	archive	3	3	0	0	MATCH	1,2,3
12759	1998 ND 169	NOTES_SECTION	archive	8	8	0	0	MATCH	1,2,3,4,5,6,7,8
12760	1998 ND 163	NOTES_SECTION	archive	4	4	0	0	MATCH	1,2,3,4
12764	1998 ND 181	NOTES_SECTION	archive	2	2	0	0	MATCH	1,2
12800	1998 ND 228	MALFORMED	archive	2	4	1	0	DB_MORE	1,2
12801	1999 ND 1	NOTES_SECTION	archive	1	1	0	0	MATCH	1
12807	1999 ND 3	NOTES_SECTION	archive	1	1	0	0	MATCH	1
12846	1999 ND 50	NOTES_SECTION	archive	1	1	0	0	MATCH	1
12850	1999 ND 47	NOTES_SECTION	archive	4	4	0	0	MATCH	1,2,3,4
12851	1999 ND 42	NOTES_SECTION	archive	1	1	0	0	MATCH	1
12857	1999 ND 53	NOTES_SECTION	archive	4	4	0	0	MATCH	1,2,3,4
12860	1999 ND 56	NOTES_SECTION	archive	1	1	0	0	MATCH	1
12865	1999 ND 59	NOTES_SECTION	archive	4	4	0	0	MATCH	1,2,3,4
12870	1999 ND 66	NOTES_SECTION	archive	4	4	0	0	MATCH	1,2,3,4
12881	1999 ND 78	MALFORMED	archive	1	1	1	0	CHECK_MARKERS	1
12890	1999 ND 94	NOTES_SECTION	archive	3	3	0	0	MATCH	1,2,3
12895	1999 ND 95	NOTES_SECTION	archive	1	1	0	0	MATCH	1
12896	1999 ND 96	NOTES_SECTION	archive	2	2	0	0	MATCH	1,2
12900	1999 ND 110	NOTES_SECTION	archive	1	1	0	0	MATCH	1
12905	1999 ND 107	NOTES_SECTION	archive	1	1	0	0	MATCH	1
12906	1999 ND 102	PERIOD_ORPHAN	archive	0	0	0	1	EXTRACT_FAIL	-
12909	1999 ND 116	NOTES_SECTION	archive	3	3	0	0	MATCH	1,2,3
12911	1999 ND 112	NOTES_SECTION	archive	1	1	0	0	MATCH	1
12914	1999 ND 109	NOTES_SECTION	archive	2	2	0	0	MATCH	1,2
12915	1999 ND 118	NOTES_SECTION	archive	1	1	0	0	MATCH	1
12919	1999 ND 122	NOTES_SECTION	archive	5	5	0	0	MATCH	1,2,3,4,5
12926	1999 ND 125	NOTES_SECTION	archive	1	1	0	0	MATCH	1
12929	1999 ND 137	PERIOD_ORPHAN	archive	1	1	0	0	MATCH	1
12930	1999 ND 134	NOTES_SECTION	archive	6	6	0	0	MATCH	1,2,3,4,5,6
12939	1999 ND 153	PERIOD_ORPHAN	archive	4	0	0	2	SRC_MORE	1,2,3,4
12940	1999 ND 143	PERIOD_ORPHAN	archive	23	0	0	20	SRC_MORE	1,2,3,4,5,6,7,8,9,10,11,12,13,14,15,16,17,18,19,20,21,22,23
12941	1999 ND 144	PERIOD_ORPHAN	archive	4	4	0	0	MATCH	1,2,3,4
12944	1999 ND 150	PERIOD_ORPHAN	archive	2	2	0	0	MATCH	1,2
12946	1999 ND 151	PERIOD_ORPHAN	archive	1	1	0	0	MATCH	1
12958	1999 ND 173	PERIOD_ORPHAN	archive	1	1	0	0	MATCH	1
12959	1999 ND 170	PERIOD_ORPHAN	archive	2	2	0	0	MATCH	1,2
12960	1999 ND 166	PERIOD_ORPHAN	archive	1	1	0	0	MATCH	1
12961	1999 ND 168	PERIOD_ORPHAN	archive	1	1	0	1	CHECK_MARKERS	1
12962	1999 ND 172	PERIOD_ORPHAN	archive	1	1	0	0	MATCH	1
12964	1999 ND 129	PERIOD_ORPHAN	archive	2	2	0	0	MATCH	1,2
12967	1999 ND 165	NOTES_SECTION	archive	4	4	0	0	MATCH	1,2,3,4
12970	1999 ND 174	NOTES_SECTION	archive	7	7	0	0	MATCH	1,2,3,4,5,6,7
12972	1999 ND 176	NOTES_SECTION	archive	2	2	0	0	MATCH	1,2
12977	1999 ND 180	NOTES_SECTION	archive	2	2	0	0	MATCH	1,2
12981	1999 ND 184	NOTES_SECTION	archive	2	2	0	0	MATCH	1,2
13010	1999 ND 195	PERIOD_ORPHAN	archive	1	1	0	0	MATCH	1
13021	1999 ND 205	NOTES_SECTION	archive	2	2	0	0	MATCH	1,2
13024	1999 ND 221	PERIOD_ORPHAN	archive	1	1	0	0	MATCH	1
13027	1999 ND 223	NOTES_SECTION	archive	1	1	0	0	MATCH	1
13034	1999 ND 214	PERIOD_ORPHAN	archive	1	1	0	0	MATCH	1
13043	1999 ND 241	NOTES_SECTION	archive	1	1	0	0	MATCH	1
13057	1999 ND 246	NOTES_SECTION	archive	4	4	0	0	MATCH	1,2,3,4
13080	2000 ND 21	NOTES_SECTION	archive	2	2	0	0	MATCH	1,2
13095	2000 ND 43	NOTES_SECTION	archive	2	2	0	0	MATCH	1,2
13099	2000 ND 42	NOTES_SECTION	archive	1	1	0	0	MATCH	1
13102	2000 ND 46	NOTES_SECTION	archive	2	2	0	0	MATCH	1,2
13104	2000 ND 47	NOTES_SECTION	archive	7	7	0	0	MATCH	1,2,3,4,5,6,7
13107	2000 ND 41	NOTES_SECTION	archive	2	2	0	0	MATCH	1,2
13120	2000 ND 64	MALFORMED	archive	2	2	1	0	CHECK_MARKERS	1,2
13123	2000 ND 87	NOTES_SECTION	archive	2	2	0	0	MATCH	1,2
13135	2000 ND 85	NOTES_SECTION	archive	3	3	0	0	MATCH	1,2,3
13138	2000 ND 67	NOTES_SECTION	archive	2	2	0	0	MATCH	1,2
13162	2000 ND 98	PERIOD_ORPHAN	archive	1	1	0	1	CHECK_MARKERS	1
13170	2000 ND 105	MALFORMED	archive	0	0	6	0	EXTRACT_FAIL	-
13180	2000 ND 119	NOTES_SECTION	archive	1	1	0	0	MATCH	1
13182	2000 ND 121	PERIOD_ORPHAN	archive	1	1	0	0	MATCH	1
13208	2000 ND 143	PERIOD_ORPHAN	archive	1	1	0	1	CHECK_MARKERS	1
13213	2000 ND 161	PERIOD_ORPHAN	archive	2	2	0	0	MATCH	1,2
13218	2000 ND 158	PERIOD_ORPHAN	archive	1	1	0	0	MATCH	1
13220	2000 ND 155	NOTES_SECTION	archive	2	2	0	0	MATCH	1,2
13234	2000 ND 174	PERIOD_ORPHAN	archive	1	1	0	0	MATCH	1
13240	2000 ND 170	PERIOD_ORPHAN	archive	5	5	0	0	MATCH	1,2,3,4,5
13244	2000 ND 181	NOTES_SECTION	archive	3	3	0	0	MATCH	1,2,3
13281	2000 ND 222	PERIOD_ORPHAN	archive	2	2	0	0	MATCH	1,2
13283	2000 ND 185	NOTES_SECTION	archive	3	3	0	0	MATCH	1,2,3
13291	2000 ND 203	NOTES_SECTION	archive	3	3	0	0	MATCH	1,2,3
13301	2001 ND 15	NOTES_SECTION	archive	1	1	0	0	MATCH	1
13303	2001 ND 10	PERIOD_ORPHAN	pdf	0	0	0	1	NO_AUTO_SOURCE	-
13310	2001 ND 19	NOTES_SECTION	archive	1	1	0	0	MATCH	1
13323	2001 ND 37	PERIOD_ORPHAN	archive	1	1	0	0	MATCH	1
13336	2001 ND 51	NOTES_SECTION	archive	4	4	0	0	MATCH	1,2,3,4
13342	2001 ND 55	NOTES_SECTION	archive	2	2	0	0	MATCH	1,2
13348	2001 ND 66	NOTES_SECTION	archive	2	2	0	0	MATCH	1,2
13350	2001 ND 68	NOTES_SECTION	archive	2	2	0	0	MATCH	1,2
13351	2001 ND 71	PERIOD_ORPHAN	archive	1	1	0	0	MATCH	1
13355	2001 ND 62	NOTES_SECTION	archive	3	3	0	0	MATCH	1,2,3
13360	2001 ND 74	NOTES_SECTION	archive	1	1	0	0	MATCH	1
13362	2001 ND 83	PERIOD_ORPHAN	archive	3	3	0	0	MATCH	1,2,3
13365	2001 ND 81	NOTES_SECTION	archive	6	6	0	0	MATCH	1,2,3,4,5,6
13367	2001 ND 80	NOTES_SECTION	archive	3	3	0	0	MATCH	1,2,3
13368	2001 ND 78	NOTES_SECTION	archive	3	3	0	0	MATCH	1,2,3
13379	2001 ND 90	NOTES_SECTION	archive	1	1	0	0	MATCH	1
13383	2001 ND 102	PERIOD_ORPHAN	archive	1	1	0	0	MATCH	1
13384	2001 ND 101	MALFORMED	archive	2	2	1	0	CHECK_MARKERS	1,2
13388	2001 ND 111	NOTES_SECTION	archive	1	1	0	0	MATCH	1
13391	2001 ND 114	NOTES_SECTION	archive	1	1	0	0	MATCH	1
13392	2001 ND 113	NOTES_SECTION	archive	4	4	0	0	MATCH	1,2,3,4
13393	2001 ND 110	NOTES_SECTION	archive	4	4	0	0	MATCH	1,2,3,4
13407	2000 ND 189	PERIOD_ORPHAN	archive	2	3	0	2	DB_MORE	1,2
13408	2001 ND 127	PERIOD_ORPHAN	archive	3	3	0	0	MATCH	1,2,3
13415	2001 ND 130	NOTES_SECTION	archive	2	2	0	0	MATCH	1,2
13416	2001 ND 137	PERIOD_ORPHAN	archive	3	3	0	0	MATCH	1,2,3
13430	2001 ND 143	PERIOD_ORPHAN	archive	2	2	0	0	MATCH	1,2
13439	2001 ND 148	NOTES_SECTION	archive	1	1	0	0	MATCH	1
13445	2001 ND 166	NOTES_SECTION	archive	3	3	0	0	MATCH	1,2,3
13451	2001 ND 170	NOTES_SECTION	archive	1	1	0	0	MATCH	1
13465	2001 ND 193	NOTES_SECTION	archive	1	1	0	0	MATCH	1
13466	2001 ND 183	PERIOD_ORPHAN	archive	2	2	0	0	MATCH	1,2
13469	2001 ND 191	NOTES_SECTION	archive	2	2	0	0	MATCH	1,2
13483	2001 ND 202	NOTES_SECTION	archive	1	1	0	0	MATCH	1
13485	2001 ND 199	NOTES_SECTION	archive	0	0	0	0	EXTRACT_FAIL	-
13487	2001 ND 205	PERIOD_ORPHAN	archive	1	1	0	0	MATCH	1
13493	2001 ND 210	NOTES_SECTION	archive	1	1	0	0	MATCH	1
13495	2002 ND 2	NOTES_SECTION	archive	1	1	0	0	MATCH	1
13497	2002 ND 9	PERIOD_ORPHAN	archive	1	1	0	0	MATCH	1
13499	2002 ND 6	PERIOD_ORPHAN	archive	2	2	0	0	MATCH	1,2
13534	2002 ND 37	NOTES_SECTION	archive	2	2	0	0	MATCH	1,2
13538	2002 ND 35	NOTES_SECTION	archive	1	1	0	0	MATCH	1
13558	2002 ND 69	NOTES_SECTION	archive	3	3	0	0	MATCH	1,2,3
13560	2002 ND 70	NOTES_SECTION	archive	2	2	0	0	MATCH	1,2
13565	2002 ND 65	NOTES_SECTION	archive	2	2	0	0	MATCH	1,2
13572	2002 ND 77	NOTES_SECTION	archive	3	3	0	0	MATCH	1,2,3
13574	2002 ND 85	NOTES_SECTION	archive	2	2	0	0	MATCH	1,2
13578	2002 ND 72	PERIOD_ORPHAN	archive	3	3	0	1	CHECK_MARKERS	1,2,3
13581	2002 ND 97	NOTES_SECTION	archive	1	1	0	0	MATCH	1
13584	2002 ND 98	NOTES_SECTION	archive	5	5	0	0	MATCH	1,2,3,4,5
13588	2002 ND 103	NOTES_SECTION	archive	1	1	0	0	MATCH	1
13592	2002 ND 111	PERIOD_ORPHAN	archive	1	1	0	0	MATCH	1
13601	2002 ND 117	PERIOD_ORPHAN	archive	0	0	0	1	EXTRACT_FAIL	-
13613	2002 ND 125	NOTES_SECTION	archive	4	4	0	0	MATCH	1,2,3,4
13638	2002 ND 137	NOTES_SECTION	archive	1	1	0	0	MATCH	1
13639	2002 ND 138	NOTES_SECTION	archive	1	1	0	0	MATCH	1
13640	2002 ND 139	NOTES_SECTION	archive	2	2	0	0	MATCH	1,2
13648	2002 ND 144	NOTES_SECTION	archive	1	1	0	0	MATCH	1
13654	2002 ND 154	PERIOD_ORPHAN	archive	1	1	0	0	MATCH	1
13657	2002 ND 164	PERIOD_ORPHAN	archive	2	2	0	0	MATCH	1,2
13663	2002 ND 159	NOTES_SECTION	archive	2	2	0	0	MATCH	1,2
13671	2002 ND 175	NOTES_SECTION	archive	1	1	0	0	MATCH	1
13680	2002 ND 185	NOTES_SECTION	archive	2	2	0	0	MATCH	1,2
13686	2002 ND 188	PERIOD_ORPHAN	archive	4	4	0	0	MATCH	1,2,3,4
13688	2002 ND 187	NOTES_SECTION	archive	2	2	0	0	MATCH	1,2
13697	2002 ND 206	NOTES_SECTION	archive	1	1	0	0	MATCH	1
13710	2003 ND 6	NOTES_SECTION	archive	2	2	0	0	MATCH	1,2
13716	2002 ND 122	MALFORMED	archive	2	0	2	0	SRC_MORE	1,2
13723	2003 ND 22	NOTES_SECTION	archive	1	1	0	0	MATCH	1
13739	2003 ND 30	NOTES_SECTION	archive	1	1	0	0	MATCH	1
13745	2003 ND 34	NOTES_SECTION	archive	0	1	0	0	EXTRACT_FAIL	-
13752	2003 ND 42	NOTES_SECTION	archive	2	2	0	0	MATCH	1,2
13755	2003 ND 46	NOTES_SECTION	archive	1	2	0	0	DB_MORE	1
13756	2003 ND 50	NOTES_SECTION	archive	3	3	0	0	MATCH	1,2,3
13757	2003 ND 41	NOTES_SECTION	archive	2	2	0	0	MATCH	1,2
13784	2003 ND 55	NOTES_SECTION	archive	1	1	0	0	MATCH	1
13791	2003 ND 74	PERIOD_ORPHAN	archive	1	1	0	0	MATCH	1
13799	2003 ND 79	NOTES_SECTION	archive	1	1	0	0	MATCH	1
13808	2003 ND 88	NOTES_SECTION	archive	0	2	0	0	EXTRACT_FAIL	-
13820	2003 ND 98	NOTES_SECTION	archive	1	1	0	0	MATCH	1
13826	2003 ND 120	NOTES_SECTION	archive	3	3	0	0	MATCH	1,2,3
13836	2003 ND 112	NOTES_SECTION	archive	2	2	0	0	MATCH	1,2
13840	2003 ND 121	NOTES_SECTION	archive	1	3	0	0	DB_MORE	1
13856	2003 ND 129	MALFORMED	archive	0	0	1	0	EXTRACT_FAIL	-
13862	2003 ND 141	NOTES_SECTION	archive	0	1	0	0	EXTRACT_FAIL	-
13869	2003 ND 151	NOTES_SECTION	archive	2	2	0	0	MATCH	1,2
13892	2003 ND 164	NOTES_SECTION	archive	1	1	0	0	MATCH	1
13893	2003 ND 167	NOTES_SECTION	archive	0	1	0	0	EXTRACT_FAIL	-
13907	2003 ND 186	NOTES_SECTION	archive	2	2	0	0	MATCH	1,2
13924	2003 ND 200	NOTES_SECTION	archive	1	1	0	0	MATCH	1
13936	2004 ND 11	NOTES_SECTION	archive	1	1	0	0	MATCH	1
13941	2004 ND 15	NOTES_SECTION	archive	1	1	0	0	MATCH	1
13942	2004 ND 14	NOTES_SECTION	archive	3	3	0	0	MATCH	1,2,3
13950	2004 ND 29	NOTES_SECTION	archive	2	2	0	0	MATCH	1,2
13951	2004 ND 25	PERIOD_ORPHAN	archive	0	0	0	1	EXTRACT_FAIL	-
13959	2004 ND 21	NOTES_SECTION	archive	1	1	0	0	MATCH	1
13967	2004 ND 36	NOTES_SECTION	archive	2	2	0	0	MATCH	1,2
13997	2004 ND 73	NOTES_SECTION	archive	2	2	0	0	MATCH	1,2
14004	2004 ND 86	PERIOD_ORPHAN	archive	2	2	0	0	MATCH	1,2
14011	2004 ND 89	NOTES_SECTION	archive	1	1	0	0	MATCH	1
14032	2004 ND 112	PERIOD_ORPHAN	archive	0	0	0	1	EXTRACT_FAIL	-
14038	2004 ND 108	MALFORMED	archive	0	0	0	0	EXTRACT_FAIL	-
14046	2004 ND 120	PERIOD_ORPHAN	archive	1	1	0	1	CHECK_MARKERS	1
14053	2004 ND 126	NOTES_SECTION	archive	2	2	0	0	MATCH	1,2
14078	2004 ND 153	NOTES_SECTION	archive	1	1	0	0	MATCH	1
14115	2004 ND 184	NOTES_SECTION	archive	0	1	0	0	EXTRACT_FAIL	-
14137	2004 ND 216	NOTES_SECTION	archive	1	1	0	0	MATCH	1
14187	2005 ND 39	NOTES_SECTION	archive	0	2	0	0	EXTRACT_FAIL	-
14250	2005 ND 99	NOTES_SECTION	archive	0	1	0	0	EXTRACT_FAIL	-
14255	2005 ND 101	NOTES_SECTION	archive	1	1	0	0	MATCH	1
14257	2005 ND 106	NOTES_SECTION	archive	0	1	0	0	EXTRACT_FAIL	-
14322	2005 ND 146	PERIOD_ORPHAN	archive	1	1	0	0	MATCH	1
14327	2005 ND 152	MALFORMED	archive	0	0	1	0	EXTRACT_FAIL	-
14340	2005 ND 167	NOTES_SECTION	archive	1	1	0	0	MATCH	1
14344		NOTES_SECTION	nw_scan	0	0	0	0	NO_AUTO_SOURCE	-
14360	2005 ND 180	NOTES_SECTION	archive	3	3	0	0	MATCH	1,2,3
14371	2005 ND 204	NOTES_SECTION	archive	1	1	0	0	MATCH	1
14390	2006 ND 1	NOTES_SECTION	archive	1	1	0	0	MATCH	1
14405	2006 ND 30	PERIOD_ORPHAN	archive	0	0	0	1	EXTRACT_FAIL	-
14454	2006 ND 36	NOTES_SECTION	archive	2	2	0	0	MATCH	1,2
14465	2006 ND 47	PERIOD_ORPHAN	archive	1	1	0	0	MATCH	1
14468	2006 ND 57	NOTES_SECTION	archive	1	1	0	0	MATCH	1
14480	2006 ND 56	NOTES_SECTION	archive	1	1	0	0	MATCH	1
14518	2006 ND 107	NOTES_SECTION	archive	1	1	0	0	MATCH	1
14546	2006 ND 135	NOTES_SECTION	archive	1	1	0	0	MATCH	1
14566	2006 ND 156	PERIOD_ORPHAN	archive	0	0	0	2	EXTRACT_FAIL	-
14584	2006 ND 169	NOTES_SECTION	archive	1	1	0	0	MATCH	1
14632	2006 ND 208	NOTES_SECTION	archive	1	1	0	0	MATCH	1
14633	2006 ND 210	PERIOD_ORPHAN	archive	1	1	0	0	MATCH	1
14635	2006 ND 214	MALFORMED	archive	0	0	2	0	EXTRACT_FAIL	-
14639	2006 ND 217	PERIOD_ORPHAN	archive	0	0	0	1	EXTRACT_FAIL	-
14647	2006 ND 228	PERIOD_ORPHAN	archive	1	1	0	0	MATCH	1
14708	2007 ND 37	PERIOD_ORPHAN	archive	1	1	0	0	MATCH	1
14721	2007 ND 49	NOTES_SECTION	archive	2	2	0	0	MATCH	1,2
14735	2007 ND 50	NOTES_SECTION	archive	1	1	0	0	MATCH	1
14745	2007 ND 69	NOTES_SECTION	archive	1	1	0	0	MATCH	1
14750	2007 ND 88	MALFORMED	archive	0	0	1	0	EXTRACT_FAIL	-
14756	2007 ND 83	PERIOD_ORPHAN	archive	1	1	0	0	MATCH	1
14763	2007 ND 98	NOTES_SECTION	archive	3	3	0	0	MATCH	1,2,3
14768	2007 ND 104	NOTES_SECTION	archive	2	2	0	0	MATCH	1,2
14785	2007 ND 111	PERIOD_ORPHAN	archive	1	1	0	0	MATCH	1
14811	2007 ND 145	NOTES_SECTION	archive	1	1	0	0	MATCH	1
14813	2007 ND 144	PERIOD_ORPHAN	archive	0	0	0	1	EXTRACT_FAIL	-
14815	2007 ND 149	NOTES_SECTION	archive	0	1	0	0	EXTRACT_FAIL	-
14841	2007 ND 179	NOTES_SECTION	archive	4	4	0	0	MATCH	1,2,3,4
14884	2007 ND 206	NOTES_SECTION	archive	1	1	0	0	MATCH	1
14888	2008 ND 9	PERIOD_ORPHAN	archive	1	1	0	0	MATCH	1
14940	2008 ND 73	NOTES_SECTION	archive	0	1	0	0	EXTRACT_FAIL	-
14951	2008 ND 78	NOTES_SECTION	archive	5	5	0	0	MATCH	1,2,3,4,5
15028	2008 ND 154	NOTES_SECTION	archive	4	4	0	0	MATCH	1,2,3,4
15066	2008 ND 189	MALFORMED	archive	0	0	1	0	EXTRACT_FAIL	-
15146	2009 ND 22	NOTES_SECTION	archive	1	1	0	0	MATCH	1
15213	2009 ND 110	PERIOD_ORPHAN	archive	0	0	0	1	EXTRACT_FAIL	-
15262	2009 ND 150	MALFORMED	archive	0	0	1	0	EXTRACT_FAIL	-
15264	2009 ND 154	NOTES_SECTION	archive	2	2	0	0	MATCH	1,2
15299	2009 ND 189	MALFORMED	archive	2	3	0	0	DB_MORE	1,2
15312	2009 ND 203	NOTES_SECTION	archive	1	1	0	0	MATCH	1
15321	2009 ND 208	NOTES_SECTION	archive	1	1	0	0	MATCH	1
15345	2010 ND 22	NOTES_SECTION	archive	1	3	0	0	DB_MORE	1
15370	2010 ND 40	NOTES_SECTION	archive	2	2	0	0	MATCH	1,2
15386	2010 ND 51	NOTES_SECTION	archive	2	2	0	0	MATCH	1,2
15399	2010 ND 58	NOTES_SECTION	archive	1	1	0	0	MATCH	1
15404	2010 ND 76	NOTES_SECTION	archive	1	1	0	0	MATCH	1
15408	2010 ND 68	MALFORMED	archive	0	1	1	0	EXTRACT_FAIL	-
15433	2010 ND 100	NOTES_SECTION	archive	1	1	0	0	MATCH	1
15436	2010 ND 99	NOTES_SECTION	archive	1	1	0	0	MATCH	1
15462	2010 ND 130	NOTES_SECTION	archive	1	1	0	0	MATCH	1
15490	2010 ND 155	PERIOD_ORPHAN	archive	1	1	0	0	MATCH	1
15493	2010 ND 165	MALFORMED	archive	0	0	1	0	EXTRACT_FAIL	-
15496	2010 ND 172	PERIOD_ORPHAN	archive	1	1	0	0	MATCH	1
15509	2010 ND 196	PERIOD_ORPHAN	archive	2	2	0	0	MATCH	1,2
15533	2010 ND 218	PERIOD_ORPHAN	archive	1	1	0	0	MATCH	1
15536	2010 ND 215	PERIOD_ORPHAN	archive	1	1	0	0	MATCH	1
15546	2010 ND 227	PERIOD_ORPHAN	archive	1	1	0	0	MATCH	1
15550	2010 ND 236	MALFORMED	archive	2	2	2	0	CHECK_MARKERS	1,2
15558	2010 ND 247	PERIOD_ORPHAN	archive	1	1	0	0	MATCH	1
15563	2011 ND 10	PERIOD_ORPHAN	archive	1	1	0	0	MATCH	1
15574	2011 ND 35	PERIOD_ORPHAN	archive	1	1	0	0	MATCH	1
15579	2011 ND 24	PERIOD_ORPHAN	archive	1	2	0	0	DB_MORE	1
15580	2011 ND 31	PERIOD_ORPHAN	archive	2	3	0	0	DB_MORE	1,3
15586	2011 ND 39	PERIOD_ORPHAN	archive	0	0	0	1	EXTRACT_FAIL	-
15591	2011 ND 53	PERIOD_ORPHAN	archive	1	1	0	0	MATCH	1
15595	2011 ND 65	PERIOD_ORPHAN	archive	1	1	0	0	MATCH	1
15601	2011 ND 54	PERIOD_ORPHAN	archive	1	1	0	0	MATCH	1
15610	2011 ND 68	PERIOD_ORPHAN	archive	1	1	0	0	MATCH	1
15685	2011 ND 134	PERIOD_ORPHAN	archive	1	1	0	0	MATCH	1
15687	2011 ND 141	PERIOD_ORPHAN	archive	1	1	0	0	MATCH	1
15705	2011 ND 155	PERIOD_ORPHAN	archive	1	1	0	0	MATCH	1
15709	2011 ND 166	PERIOD_ORPHAN	archive	1	1	0	0	MATCH	1
15736	2011 ND 200	PERIOD_ORPHAN	archive	1	1	0	0	MATCH	1
15741	2011 ND 218	PERIOD_ORPHAN	archive	0	0	0	1	EXTRACT_FAIL	-
15758	2011 ND 229	PERIOD_ORPHAN	archive	1	1	0	0	MATCH	1
15798	2012 ND 33	PERIOD_ORPHAN	archive	1	1	0	0	MATCH	1
15799	2012 ND 37	PERIOD_ORPHAN	archive	1	0	0	2	SRC_MORE	1
15844	2012 ND 104	PERIOD_ORPHAN	archive	1	1	0	0	MATCH	1
15860	2012 ND 114	PERIOD_ORPHAN	archive	2	2	0	0	MATCH	1,2
15866	2012 ND 144	PERIOD_ORPHAN	archive	1	1	0	0	MATCH	1
15870	2012 ND 141	PERIOD_ORPHAN	archive	1	1	0	0	MATCH	1
15887	2012 ND 152	PERIOD_ORPHAN	archive	1	1	0	0	MATCH	1
15911	2012 ND 167	PERIOD_ORPHAN	archive	1	1	0	0	MATCH	1
15912	2012 ND 165	PERIOD_ORPHAN	archive	1	1	0	0	MATCH	1
15917	2012 ND 175	NOTES_SECTION	archive	1	1	0	0	MATCH	1
15920	2012 ND 179	PERIOD_ORPHAN	archive	1	1	0	0	MATCH	1
15922	2012 ND 183	PERIOD_ORPHAN	archive	1	1	0	0	MATCH	1
15923	2012 ND 182	PERIOD_ORPHAN	archive	1	1	0	0	MATCH	1
15931	2012 ND 198	NOTES_SECTION	pdf	0	1	0	0	NO_AUTO_SOURCE	-
15947	2012 ND 229	PERIOD_ORPHAN	archive	1	1	0	0	MATCH	1
15949	2012 ND 225	PERIOD_ORPHAN	archive	1	1	0	0	MATCH	1
15951	2012 ND 228	PERIOD_ORPHAN	archive	2	2	0	0	MATCH	1,2
15967	2012 ND 253	PERIOD_ORPHAN	archive	1	1	0	0	MATCH	1
15984	2013 ND 14	PERIOD_ORPHAN	archive	1	1	0	0	MATCH	1
15993	2013 ND 27	PERIOD_ORPHAN	archive	1	1	0	0	MATCH	1
16007	2013 ND 34	PERIOD_ORPHAN	archive	1	1	0	0	MATCH	1
16008	2013 ND 35	PERIOD_ORPHAN	archive	1	1	0	0	MATCH	1
16020	2013 ND 57	NOTES_SECTION	archive	2	2	0	0	MATCH	1,2
16040	2013 ND 78	PERIOD_ORPHAN	archive	2	2	0	0	MATCH	1,2
16052	2013 ND 99	NOTES_SECTION	archive	1	1	0	0	MATCH	1
16061	2013 ND 109	MALFORMED	archive	1	1	1	0	CHECK_MARKERS	1
16069	2013 ND 116	NOTES_SECTION	archive	2	2	0	0	MATCH	1,2
16070	2013 ND 126	PERIOD_ORPHAN	archive	0	0	0	1	EXTRACT_FAIL	-
16097	2013 ND 151	PERIOD_ORPHAN	archive	1	1	0	0	MATCH	1
16106	2013 ND 154	PERIOD_ORPHAN	archive	1	1	0	0	MATCH	1
16129	2013 ND 192	NOTES_SECTION	archive	1	1	0	0	MATCH	1
16141	2013 ND 214	NOTES_SECTION	archive	1	1	0	0	MATCH	1
16245	2014 ND 71	MALFORMED	archive	0	0	1	0	EXTRACT_FAIL	-
16269	2014 ND 97	MALFORMED	archive	0	0	1	1	EXTRACT_FAIL	-
16276	2014 ND 101	MALFORMED	archive	0	1	1	0	EXTRACT_FAIL	-
16333	2014 ND 145	MALFORMED	archive	0	0	2	0	EXTRACT_FAIL	-
16360	2014 ND 197	MALFORMED	archive	1	0	1	0	SRC_MORE	1
16462	2015 ND 94	NOTES_SECTION	archive	2	2	0	0	MATCH	1,2
16497	2015 ND 118	MALFORMED	archive	0	2	1	0	EXTRACT_FAIL	-
16546	2015 ND 199	MALFORMED	archive	0	0	1	0	EXTRACT_FAIL	-
16565	2015 ND 216	MALFORMED	archive	0	0	1	0	EXTRACT_FAIL	-
16569	2015 ND 222	NOTES_SECTION	archive	1	1	0	0	MATCH	1
16579	2015 ND 235	MALFORMED	archive	1	1	1	0	CHECK_MARKERS	1
16623	2015 ND 285	PERIOD_ORPHAN	archive	0	0	0	1	EXTRACT_FAIL	-
16634	2015 ND 298	PERIOD_ORPHAN	archive	1	1	0	0	MATCH	1
16645	2016 ND 12	PERIOD_ORPHAN	archive	0	0	0	1	EXTRACT_FAIL	-
16648	2016 ND 8	MALFORMED	archive	1	1	1	0	CHECK_MARKERS	1
16676	2016 ND 53	MALFORMED	pdf	0	0	1	0	NO_AUTO_SOURCE	-
16751	2016 ND 142	PERIOD_ORPHAN	archive	1	0	0	1	SRC_MORE	1
16773	2016 ND 160	MALFORMED	archive	1	1	1	0	CHECK_MARKERS	1
16778	2016 ND 169	PERIOD_ORPHAN	archive	0	0	0	1	EXTRACT_FAIL	-
16795	2016 ND 189	NOTES_SECTION	archive	1	1	0	0	MATCH	1
16842	2017 ND 30	PERIOD_ORPHAN	archive	1	1	0	0	MATCH	1
16923	2017 ND 120	NOTES_SECTION	archive	1	1	0	0	MATCH	1
16928	2017 ND 117	MALFORMED	archive	2	1	1	0	SRC_MORE	1,2
16953	2017 ND 146	NOTES_SECTION	archive	1	1	0	0	MATCH	1
16973	2017 ND 176	MALFORMED	archive	1	1	1	0	CHECK_MARKERS	1
16975	2017 ND 170	PERIOD_ORPHAN	archive	0	0	0	1	EXTRACT_FAIL	-
16988	2017 ND 181	NOTES_SECTION	archive	1	1	0	0	MATCH	1
17011	2017 ND 202	MALFORMED	archive	0	0	1	0	EXTRACT_FAIL	-
17014	2017 ND 197	MALFORMED	archive	0	0	1	0	EXTRACT_FAIL	-
17067	2017 ND 231	PERIOD_ORPHAN	archive	0	0	0	1	EXTRACT_FAIL	-
17075	2017 ND 245	PERIOD_ORPHAN	archive	0	0	0	1	EXTRACT_FAIL	-
17085	2017 ND 246	PERIOD_ORPHAN	archive	0	0	0	1	EXTRACT_FAIL	-
17099	2017 ND 286	PERIOD_ORPHAN	archive	0	0	0	1	EXTRACT_FAIL	-
17102	2017 ND 289	PERIOD_ORPHAN	pdf	0	0	0	1	NO_AUTO_SOURCE	-
17103	2017 ND 285	NOTES_SECTION	archive	1	1	0	0	MATCH	1
17112	2018 ND 67	PERIOD_ORPHAN	archive	0	0	0	3	EXTRACT_FAIL	-
17113	2018 ND 69	PERIOD_ORPHAN	archive	0	0	0	1	EXTRACT_FAIL	-
17122	2018 ND 84	PERIOD_ORPHAN	archive	0	0	0	1	EXTRACT_FAIL	-
17149	2018 ND 100	PERIOD_ORPHAN	archive	0	0	0	1	EXTRACT_FAIL	-
17164	2018 ND 113	PERIOD_ORPHAN	archive	0	0	0	1	EXTRACT_FAIL	-
17169	2018 ND 117	PERIOD_ORPHAN	archive	0	0	0	1	EXTRACT_FAIL	-
17171	2018 ND 122	PERIOD_ORPHAN	archive	1	1	0	3	CHECK_MARKERS	1
17222	2018 ND 164	PERIOD_ORPHAN	archive	0	0	0	1	EXTRACT_FAIL	-
17246	2018 ND 201	PERIOD_ORPHAN	archive	0	0	0	1	EXTRACT_FAIL	-
17252	2018 ND 202	PERIOD_ORPHAN	archive	0	0	0	1	EXTRACT_FAIL	-
17255	2018 ND 189	PERIOD_ORPHAN	archive	1	1	0	1	CHECK_MARKERS	1
17257	2018 ND 210	NOTES_SECTION	archive	1	1	0	0	MATCH	1
17265	2018 ND 217	PERIOD_ORPHAN	archive	0	0	0	1	EXTRACT_FAIL	-
17267	2018 ND 211	PERIOD_ORPHAN	archive	0	0	0	1	EXTRACT_FAIL	-
17313	2018 ND 255	PERIOD_ORPHAN	archive	1	1	0	1	CHECK_MARKERS	1
17324	2018 ND 264	PERIOD_ORPHAN	archive	0	0	0	1	EXTRACT_FAIL	-
17327	2018 ND 273	PERIOD_ORPHAN	archive	0	0	0	1	EXTRACT_FAIL	-
17341	2019 ND 23	PERIOD_ORPHAN	archive	0	0	0	1	EXTRACT_FAIL	-
17347	2019 ND 18	PERIOD_ORPHAN	archive	0	0	0	1	EXTRACT_FAIL	-
17353	2019 ND 20	PERIOD_ORPHAN	archive	0	0	0	1	EXTRACT_FAIL	-
17357	2019 ND 27	PERIOD_ORPHAN	archive	0	0	0	1	EXTRACT_FAIL	-
17360	2019 ND 17	PERIOD_ORPHAN	archive	0	0	0	1	EXTRACT_FAIL	-
17371	2019 ND 50	PERIOD_ORPHAN	archive	0	0	0	2	EXTRACT_FAIL	-
17374	2019 ND 51	PERIOD_ORPHAN	archive	0	0	0	1	EXTRACT_FAIL	-
17384	2019 ND 44	PERIOD_ORPHAN	archive	0	0	0	2	EXTRACT_FAIL	-
17387	2019 ND 46	PERIOD_ORPHAN	archive	0	0	0	2	EXTRACT_FAIL	-
17395	2019 ND 80	PERIOD_ORPHAN	pdf	0	1	0	2	NO_AUTO_SOURCE	-
17403	2019 ND 74	PERIOD_ORPHAN	pdf	0	0	0	1	NO_AUTO_SOURCE	-
17407	2019 ND 68	MALFORMED	pdf	0	0	1	1	NO_AUTO_SOURCE	-
17410	2019 ND 72	PERIOD_ORPHAN	pdf	0	0	0	1	NO_AUTO_SOURCE	-
17416	2019 ND 87	PERIOD_ORPHAN	pdf	0	0	0	1	NO_AUTO_SOURCE	-
17436	2019 ND 103	PERIOD_ORPHAN	pdf	0	0	0	1	NO_AUTO_SOURCE	-
17437	2019 ND 96	PERIOD_ORPHAN	pdf	0	0	0	1	NO_AUTO_SOURCE	-
17439	2019 ND 104	PERIOD_ORPHAN	pdf	0	0	0	1	NO_AUTO_SOURCE	-
17440	2019 ND 97	PERIOD_ORPHAN	pdf	0	0	0	1	NO_AUTO_SOURCE	-
17444	2019 ND 99	PERIOD_ORPHAN	pdf	0	0	0	4	NO_AUTO_SOURCE	-
17463	2019 ND 138	PERIOD_ORPHAN	pdf	0	0	0	1	NO_AUTO_SOURCE	-
17474	2019 ND 139	MALFORMED	pdf	0	0	1	1	NO_AUTO_SOURCE	-
17478	2019 ND 123	PERIOD_ORPHAN	pdf	0	0	0	1	NO_AUTO_SOURCE	-
17510	2019 ND 173	PERIOD_ORPHAN	pdf	0	0	0	3	NO_AUTO_SOURCE	-
17522	2019 ND 181	PERIOD_ORPHAN	pdf	0	0	0	1	NO_AUTO_SOURCE	-
17540	2019 ND 198	PERIOD_ORPHAN	pdf	0	1	0	1	NO_AUTO_SOURCE	-
17548	2019 ND 206	PERIOD_ORPHAN	pdf	0	0	0	5	NO_AUTO_SOURCE	-
17604	2020 ND 49	MALFORMED	pdf	0	1	1	0	NO_AUTO_SOURCE	-
17634	2020 ND 79	MALFORMED	pdf	0	1	1	0	NO_AUTO_SOURCE	-
17661	2020 ND 131	MALFORMED	pdf	0	1	1	0	NO_AUTO_SOURCE	-
17670	2020 ND 152	MALFORMED	pdf	0	1	1	0	NO_AUTO_SOURCE	-
17716	2020 ND 207	MALFORMED	pdf	0	1	1	0	NO_AUTO_SOURCE	-
17768	2021 ND 38	MALFORMED	pdf	0	1	1	0	NO_AUTO_SOURCE	-
17785	2021 ND 44	MALFORMED	pdf	0	1	1	0	NO_AUTO_SOURCE	-
17803	2021 ND 79	MALFORMED	pdf	0	1	1	0	NO_AUTO_SOURCE	-
17806	2021 ND 84	MALFORMED	pdf	0	1	1	0	NO_AUTO_SOURCE	-
17861	2021 ND 140	MALFORMED	pdf	0	1	1	0	NO_AUTO_SOURCE	-
17864	2021 ND 153	MALFORMED	pdf	0	1	1	0	NO_AUTO_SOURCE	-
17870	2021 ND 160	MALFORMED	pdf	0	1	1	0	NO_AUTO_SOURCE	-
17939	2022 ND 8	MALFORMED	pdf	0	1	1	0	NO_AUTO_SOURCE	-
18049	2022 ND 166	MALFORMED	pdf	0	1	1	0	NO_AUTO_SOURCE	-
18050	2022 ND 168	MALFORMED	pdf	0	1	1	0	NO_AUTO_SOURCE	-
18080	2022 ND 197	MALFORMED	pdf	0	1	1	0	NO_AUTO_SOURCE	-
18091	2022 ND 187	MALFORMED	pdf	0	1	1	0	NO_AUTO_SOURCE	-
18098	2022 ND 208	MALFORMED	pdf	0	1	1	0	NO_AUTO_SOURCE	-
18105	2022 ND 220	MALFORMED	pdf	0	1	1	0	NO_AUTO_SOURCE	-
18108	2022 ND 212	MALFORMED	pdf	0	1	1	0	NO_AUTO_SOURCE	-
18124	2023 ND 2	MALFORMED	pdf	0	1	1	0	NO_AUTO_SOURCE	-
18132	2023 ND 24	MALFORMED	pdf	0	1	1	0	NO_AUTO_SOURCE	-
18164	2023 ND 65	MALFORMED	pdf	0	1	1	0	NO_AUTO_SOURCE	-
18197	2023 ND 106	MALFORMED	pdf	0	1	1	0	NO_AUTO_SOURCE	-
18306	1998 ND 47	MALFORMED	archive	0	0	1	0	EXTRACT_FAIL	-
18402	2001 ND 49	MALFORMED	archive	0	0	1	0	EXTRACT_FAIL	-
18430	2002 ND 183	MALFORMED	archive	0	0	1	0	EXTRACT_FAIL	-
18438	2002 ND 41	MALFORMED	archive	0	0	1	0	EXTRACT_FAIL	-
18464	2003 ND 178	MALFORMED	archive	0	0	1	0	EXTRACT_FAIL	-
18481	2004 ND 123	MALFORMED	archive	0	0	1	0	EXTRACT_FAIL	-
18647	2008 ND 118	MALFORMED	archive	0	0	1	0	EXTRACT_FAIL	-
18718	2009 ND 5	MALFORMED	pdf	0	0	1	0	NO_AUTO_SOURCE	-
18746	2010 ND 164	MALFORMED	archive	0	0	1	0	EXTRACT_FAIL	-
18900	2012 ND 251	MALFORMED	archive	0	0	1	0	EXTRACT_FAIL	-
18980	2013 ND 44	MALFORMED	archive	0	0	1	0	EXTRACT_FAIL	-
19372	2019 ND 204	MALFORMED	westlaw_doc	1	1	0	0	MATCH	1
19516	2020 ND 202	MALFORMED	westlaw_doc	3	3	0	0	MATCH	1,2,3
19688	2022 ND 214	MALFORMED	westlaw_doc	2	2	0	0	MATCH	1,2
19804	2023 ND 231	MALFORMED	westlaw_doc	1	1	0	0	MATCH	1
20486	1984 ND 183	MALFORMED	westlaw_doc	4	4	0	0	MATCH	1,2,3,4
